0,void,CUSTOMIZE_NO_HEAD,b,0,0,0,,0,mp_warfighter_head_1,,mission_team_jtf_wolverines_icon,head_none,,,,,,0,
1,mp_warfighter_head_1,CUSTOMIZE_HEAD_A,f,0,0,0,,0,mp_warfighter_head_1_1,,mission_team_jtf_wolverines_icon,head_1,,,,,,1,
2,mp_warfighter_head_1_1,CUSTOMIZE_HEAD_WARFIGHTER_1_1,m,0,0,0,CHALLENGE_ASSAULT_KILLS_DESC,0,mp_warfighter_head_1_1,archetype_assault,icon_head_warfighter1_1,head_2,LUA_MENU_MULTIPLAYER_CAPS,ch_assault_kills,0,unlock,200,1,
3,mp_warfighter_head_1_2,CUSTOMIZE_HEAD_WARFIGHTER_1_2,m,0,0,0,CHALLENGE_ASSAULT_KILLS_DESC,0,mp_warfighter_head_1_1,archetype_assault,icon_head_warfighter1_2,head_3,LUA_MENU_MULTIPLAYER_CAPS,ch_assault_kills,1,unlock,400,2,
4,mp_warfighter_head_1_3,CUSTOMIZE_HEAD_WARFIGHTER_1_3,m,0,0,0,,0,mp_warfighter_head_1_1,archetype_assault,icon_head_warfighter1_3,head_4,default,,,unlock,,-1,
5,mp_warfighter_head_1_4,CUSTOMIZE_HEAD_WARFIGHTER_1_4,m,0,0,0,CHALLENGE_ASSAULT_MULTI_DESC,0,mp_warfighter_head_1_1,archetype_assault,icon_head_warfighter1_4,head_5,LUA_MENU_MULTIPLAYER_CAPS,ch_assault_2multikill,0,unlock,50,3,
6,mp_warfighter_head_2_1,CUSTOMIZE_HEAD_WARFIGHTER_2_1,m,0,0,0,LUA_MENU_MP_RIG_SUPPLY_DROP_UNLOCK_DESC,0,mp_warfighter_head_1_1,archetype_assault,icon_head_warfighter2_1,head_6,LUA_MENU_MP_QUARTERMASTER,,,loot,,6,
7,mp_warfighter_head_2_2,CUSTOMIZE_HEAD_WARFIGHTER_2_2,m,0,0,0,LUA_MENU_MP_RIG_SUPPLY_DROP_UNLOCK_DESC,0,mp_warfighter_head_1_1,archetype_assault,icon_head_warfighter2_2,head_7,LUA_MENU_MP_QUARTERMASTER,,,loot,,7,
8,mp_warfighter_head_2_3,CUSTOMIZE_HEAD_WARFIGHTER_2_3,m,0,0,0,CHALLENGE_ASSAULT_STREAK_DESC,0,mp_warfighter_head_1_1,archetype_assault,icon_head_warfighter2_3,head_8,LUA_MENU_MULTIPLAYER_CAPS,ch_assault_3streak,1,unlock,60,6,
9,mp_warfighter_head_3_1,CUSTOMIZE_HEAD_WARFIGHTER_3_1,m,0,0,0,CHALLENGE_ASSAULT_SUPER_DESC,0,mp_warfighter_head_1_1,archetype_assault,icon_head_warfighter3_1,head_9,LUA_MENU_MULTIPLAYER_CAPS,ch_assault_super,0,unlock,60,0,
10,mp_warfighter_head_3_3,CUSTOMIZE_HEAD_WARFIGHTER_3_3,m,0,0,0,LUA_MENU_MP_RIG_SUPPLY_DROP_UNLOCK_DESC,0,mp_warfighter_head_1_1,archetype_assault,icon_head_warfighter3_3,head_10,LUA_MENU_MP_QUARTERMASTER,,,loot,,10,
11,mp_stryker_head_1_1,CUSTOMIZE_HEAD_STRYKER_1_1,m,0,0,0,CHALLENGE_ENGINEER_KILLS_DESC,0,mp_stryker_head_3_1,archetype_engineer,icon_head_stryker1_1,head_11,LUA_MENU_MULTIPLAYER_CAPS,ch_engineer_kills,0,unlock,200,1,
12,mp_head_heavy_1_1,CUSTOMIZE_HEAD_MERC_1_1,m,0,0,0,,0,mp_head_heavy_1_1,archetype_heavy,icon_head_merc1_2,head_12,default,,,unlock,,-1,
13,mp_head_heavy_1_2,CUSTOMIZE_HEAD_MERC_1_2,m,0,0,0,CHALLENGE_HEAVY_KILLS_DESC,0,mp_head_heavy_1_1,archetype_heavy,icon_head_merc1_1,head_13,LUA_MENU_MULTIPLAYER_CAPS,ch_heavy_kills,0,unlock,200,1,
14,mp_head_heavy_1_3,CUSTOMIZE_HEAD_MERC_1_3,m,0,0,0,CHALLENGE_HEAVY_KILLS_DESC,0,mp_head_heavy_1_1,archetype_heavy,icon_head_merc1_3,head_14,LUA_MENU_MULTIPLAYER_CAPS,ch_heavy_kills,1,unlock,400,2,
15,mp_head_heavy_1_4,CUSTOMIZE_HEAD_MERC_1_4,m,0,0,0,CHALLENGE_HEAVY_MULTI_DESC,0,mp_head_heavy_1_1,archetype_heavy,icon_head_merc1_4,head_15,LUA_MENU_MULTIPLAYER_CAPS,ch_heavy_2multikill,0,unlock,50,3,
16,mp_head_heavy_2_1,CUSTOMIZE_HEAD_MERC_2_1,m,0,0,0,CHALLENGE_HEAVY_MULTI_DESC,0,mp_head_heavy_1_1,archetype_heavy,icon_head_merc2_1,head_16,LUA_MENU_MULTIPLAYER_CAPS,ch_heavy_2multikill,1,unlock,100,4,
17,mp_head_heavy_2_2,CUSTOMIZE_HEAD_MERC_2_2,m,0,0,0,LUA_MENU_MP_RIG_SUPPLY_DROP_UNLOCK_DESC,0,mp_head_heavy_1_1,archetype_heavy,icon_head_merc2_2,head_17,LUA_MENU_MP_QUARTERMASTER,,,loot,,17,
18,mp_head_heavy_2_3,CUSTOMIZE_HEAD_MERC_2_3,m,0,0,0,CHALLENGE_HEAVY_STREAK_DESC,0,mp_head_heavy_1_1,archetype_heavy,icon_head_merc2_3,head_18,LUA_MENU_MULTIPLAYER_CAPS,ch_heavy_3streak,1,unlock,60,6,
19,mp_head_heavy_3_1,CUSTOMIZE_HEAD_MERC_3_1,m,0,0,0,LUA_MENU_MP_RIG_SUPPLY_DROP_UNLOCK_DESC,0,mp_head_heavy_1_1,archetype_heavy,icon_head_merc3_1,head_19,LUA_MENU_MP_QUARTERMASTER,,,loot,,19,
20,mp_head_heavy_3_2,CUSTOMIZE_HEAD_MERC_3_2,m,0,0,0,LUA_MENU_MP_RIG_SUPPLY_DROP_UNLOCK_DESC,0,mp_head_heavy_1_1,archetype_heavy,icon_head_merc3_2,head_20,LUA_MENU_MP_QUARTERMASTER,,,loot,,20,
21,mp_head_heavy_3_3,CUSTOMIZE_HEAD_MERC_3_3,m,0,0,0,LUA_MENU_MP_RIG_SUPPLY_DROP_UNLOCK_DESC,0,mp_head_heavy_1_1,archetype_heavy,icon_head_merc3_3,head_21,LUA_MENU_MP_QUARTERMASTER,,,loot,,21,
22,mp_ftl_head_1_1,CUSTOMIZE_HEAD_FTL_1_1,m,0,0,0,CHALLENGE_ASSASSIN_KILLS_DESC,0,mp_ftl_head_5_1,archetype_assassin,icon_head_ftl1_1,head_22,LUA_MENU_MULTIPLAYER_CAPS,ch_assassin_kills,0,unlock,200,1,
23,mp_ftl_head_2_1,CUSTOMIZE_HEAD_FTL_2_1,m,0,0,0,LUA_MENU_MP_RIG_SUPPLY_DROP_UNLOCK_DESC,0,mp_ftl_head_5_1,archetype_assassin,icon_head_ftl2_1,head_23,LUA_MENU_MP_QUARTERMASTER,,,loot,,23,
24,mp_ftl_head_3_1,CUSTOMIZE_HEAD_FTL_3_1,m,0,0,0,CHALLENGE_ASSASSIN_MULTI_DESC,0,mp_ftl_head_5_1,archetype_assassin,icon_head_ftl3_1,head_24,LUA_MENU_MULTIPLAYER_CAPS,ch_assassin_2multikill,0,unlock,50,3,
25,mp_ghost_head_1_1,CUSTOMIZE_HEAD_GHOST_1_1,m,0,0,0,CHALLENGE_SNIPER_KILLS_DESC,0,mp_ghost_head_1_1,archetype_sniper,icon_head_ghost1_1,head_25,LUA_MENU_MULTIPLAYER_CAPS,ch_sniper_kills,0,unlock,200,1,
26,mp_ghost_head_1_2,CUSTOMIZE_HEAD_GHOST_1_2,m,0,0,0,CHALLENGE_SNIPER_KILLS_DESC,0,mp_ghost_head_1_1,archetype_sniper,icon_head_ghost1_2,head_26,LUA_MENU_MULTIPLAYER_CAPS,ch_sniper_kills,1,unlock,400,2,
27,mp_ghost_head_1_3,CUSTOMIZE_HEAD_GHOST_1_3,m,0,0,0,,0,mp_ghost_head_1_1,archetype_sniper,icon_head_ghost1_3,head_27,default,,,unlock,,-1,
28,mp_synaptic_head_1_1,CUSTOMIZE_HEAD_SYNAPTIC_1_1,m,0,0,0,,0,mp_synaptic_head_1_1,archetype_scout,icon_head_synaptic1_1,head_28,default,,,unlock,,-1,
29,mp_synaptic_head_2_1,CUSTOMIZE_HEAD_SYNAPTIC_2_1,m,0,0,0,LUA_MENU_MP_RIG_SUPPLY_DROP_UNLOCK_DESC,0,mp_synaptic_head_1_1,archetype_scout,icon_head_synaptic2_1,head_29,LUA_MENU_MP_QUARTERMASTER,,,loot,,29,
30,mp_synaptic_head_3_1,CUSTOMIZE_HEAD_SYNAPTIC_3_1,m,0,0,0,CHALLENGE_SCOUT_KILLS_DESC,0,mp_synaptic_head_1_1,archetype_scout,icon_head_synaptic3_1,head_30,LUA_MENU_MULTIPLAYER_CAPS,ch_scout_kills,1,unlock,400,2,
31,mp_warfighter_head_2_4,CUSTOMIZE_HEAD_WARFIGHTER_2_4,m,0,0,0,LUA_MENU_MP_RIG_SUPPLY_DROP_UNLOCK_DESC,0,mp_warfighter_head_1_1,archetype_assault,icon_head_warfighter2_4,head_31,LUA_MENU_MP_QUARTERMASTER,,,loot,,31,
32,mp_warfighter_head_3_2,CUSTOMIZE_HEAD_WARFIGHTER_3_2,m,0,0,0,LUA_MENU_MP_RIG_SUPPLY_DROP_UNLOCK_DESC,0,mp_warfighter_head_1_1,archetype_assault,icon_head_warfighter3_2,head_32,LUA_MENU_MP_QUARTERMASTER,,,loot,,32,
33,mp_warfighter_head_3_4,CUSTOMIZE_HEAD_WARFIGHTER_3_4,m,0,0,0,LUA_MENU_MP_RIG_SUPPLY_DROP_UNLOCK_DESC,0,mp_warfighter_head_1_1,archetype_assault,icon_head_warfighter3_4,head_33,LUA_MENU_MP_QUARTERMASTER,,,loot,,33,
34,mp_warfighter_head_4_1,CUSTOMIZE_HEAD_WARFIGHTER_4_1,m,0,0,0,LUA_MENU_MP_RIG_SUPPLY_DROP_UNLOCK_DESC,0,mp_warfighter_head_1_1,archetype_assault,icon_head_warfighter4_1,head_34,LUA_MENU_MP_QUARTERMASTER,,,loot,,34,
35,mp_warfighter_head_4_2,CUSTOMIZE_HEAD_WARFIGHTER_4_2,m,0,0,0,LUA_MENU_MP_RIG_SUPPLY_DROP_UNLOCK_DESC,0,mp_warfighter_head_1_1,archetype_assault,icon_head_warfighter4_2,head_35,LUA_MENU_MP_QUARTERMASTER,,,loot,,35,
36,mp_warfighter_head_4_3,CUSTOMIZE_HEAD_WARFIGHTER_4_3,m,0,0,0,LUA_MENU_MP_RIG_SUPPLY_DROP_UNLOCK_DESC,0,mp_warfighter_head_1_1,archetype_assault,icon_head_warfighter4_3,head_36,LUA_MENU_MP_QUARTERMASTER,,,loot,,36,
37,mp_warfighter_head_4_4,CUSTOMIZE_HEAD_WARFIGHTER_4_4,m,0,0,0,CHALLENGE_ASSAULT_STREAK_DESC,0,mp_warfighter_head_1_1,archetype_assault,icon_head_warfighter4_4,head_37,LUA_MENU_MULTIPLAYER_CAPS,ch_assault_3streak,0,unlock,30,5,
38,mp_stryker_head_1_2,CUSTOMIZE_HEAD_STRYKER_1_2,m,0,0,0,CHALLENGE_ENGINEER_KILLS_DESC,0,mp_stryker_head_3_1,archetype_engineer,icon_head_stryker1_2,head_38,LUA_MENU_MULTIPLAYER_CAPS,ch_engineer_kills,1,unlock,400,2,
39,mp_stryker_head_1_3,CUSTOMIZE_HEAD_STRYKER_1_3,m,0,0,0,CHALLENGE_ENGINEER_MULTI_DESC,0,mp_stryker_head_3_1,archetype_engineer,icon_head_stryker1_3,head_39,LUA_MENU_MULTIPLAYER_CAPS,ch_engineer_2multikill,0,unlock,50,3,
40,mp_stryker_head_1_4,CUSTOMIZE_HEAD_STRYKER_1_4,m,0,0,0,LUA_MENU_MP_RIG_SUPPLY_DROP_UNLOCK_DESC,0,mp_stryker_head_3_1,archetype_engineer,icon_head_stryker1_4,head_40,LUA_MENU_MP_QUARTERMASTER,,,loot,,40,
41,mp_stryker_head_2_1,CUSTOMIZE_HEAD_STRYKER_2_1,m,0,0,0,LUA_MENU_MP_RIG_SUPPLY_DROP_UNLOCK_DESC,0,mp_stryker_head_3_1,archetype_engineer,icon_head_stryker2_1,head_41,LUA_MENU_MP_QUARTERMASTER,,,loot,,41,
42,mp_stryker_head_2_2,CUSTOMIZE_HEAD_STRYKER_2_2,m,0,0,0,LUA_MENU_MP_RIG_SUPPLY_DROP_UNLOCK_DESC,0,mp_stryker_head_3_1,archetype_engineer,icon_head_stryker2_2,head_42,LUA_MENU_MP_QUARTERMASTER,,,loot,,42,
43,mp_stryker_head_2_3,CUSTOMIZE_HEAD_STRYKER_2_3,m,0,0,0,LUA_MENU_MP_RIG_SUPPLY_DROP_UNLOCK_DESC,0,mp_stryker_head_3_1,archetype_engineer,icon_head_stryker2_3,head_43,LUA_MENU_MP_QUARTERMASTER,,,loot,,43,
44,mp_stryker_head_2_4,CUSTOMIZE_HEAD_STRYKER_4_1,m,0,0,0,LUA_MENU_MP_RIG_SUPPLY_DROP_UNLOCK_DESC,0,mp_stryker_head_3_1,archetype_engineer,icon_head_stryker4_1,head_44,LUA_MENU_MP_QUARTERMASTER,,,loot,,44,
45,mp_stryker_head_3_1,CUSTOMIZE_HEAD_STRYKER_3_1,m,0,0,0,,0,mp_stryker_head_3_1,archetype_engineer,icon_head_stryker3_1,head_45,default,,,unlock,,-1,
46,mp_stryker_head_4_1,CUSTOMIZE_HEAD_STRYKER_2_4,m,0,0,0,CHALLENGE_ENGINEER_MULTI_DESC,0,mp_stryker_head_3_1,archetype_engineer,icon_head_stryker2_4,head_46,LUA_MENU_MULTIPLAYER_CAPS,ch_engineer_2multikill,1,unlock,100,4,
47,mp_stryker_head_5_1,CUSTOMIZE_HEAD_STRYKER_5_1,m,0,0,0,LUA_MENU_MP_RIG_SUPPLY_DROP_UNLOCK_DESC,0,mp_stryker_head_3_1,archetype_engineer,icon_head_stryker5_1,head_47,LUA_MENU_MP_QUARTERMASTER,,,loot,,47,
48,mp_stryker_head_5_2,CUSTOMIZE_HEAD_STRYKER_5_2,m,0,0,0,CHALLENGE_ENGINEER_STREAK_DESC,0,mp_stryker_head_3_1,archetype_engineer,icon_head_stryker5_2,head_48,LUA_MENU_MULTIPLAYER_CAPS,ch_engineer_3streak,0,unlock,30,5,
49,mp_stryker_head_5_3,CUSTOMIZE_HEAD_STRYKER_5_3,m,0,0,0,LUA_MENU_MP_RIG_SUPPLY_DROP_UNLOCK_DESC,0,mp_stryker_head_3_1,archetype_engineer,icon_head_stryker5_3,head_49,LUA_MENU_MP_QUARTERMASTER,,,loot,,49,
50,mp_stryker_head_5_4,CUSTOMIZE_HEAD_STRYKER_5_4,m,0,0,0,CHALLENGE_ENGINEER_STREAK_DESC,0,mp_stryker_head_3_1,archetype_engineer,icon_head_stryker5_4,head_50,LUA_MENU_MULTIPLAYER_CAPS,ch_engineer_3streak,1,unlock,60,6,
51,mp_head_heavy_2_4,CUSTOMIZE_HEAD_MERC_2_4,m,0,0,0,LUA_MENU_MP_RIG_SUPPLY_DROP_UNLOCK_DESC,0,mp_head_heavy_1_1,archetype_heavy,icon_head_merc2_4,head_51,LUA_MENU_MP_QUARTERMASTER,,,loot,,51,
52,mp_head_heavy_3_4,CUSTOMIZE_HEAD_MERC_3_4,m,0,0,0,LUA_MENU_MP_RIG_SUPPLY_DROP_UNLOCK_DESC,0,mp_head_heavy_1_1,archetype_heavy,icon_head_merc3_4,head_52,LUA_MENU_MP_QUARTERMASTER,,,loot,,52,
53,mp_ftl_head_4_1,CUSTOMIZE_HEAD_FTL_4_1,m,0,0,0,CHALLENGE_ASSASSIN_MULTI_DESC,0,mp_ftl_head_5_1,archetype_assassin,icon_head_ftl4_1,head_53,LUA_MENU_MULTIPLAYER_CAPS,ch_assassin_2multikill,1,unlock,100,4,
54,mp_ftl_head_4_2,CUSTOMIZE_HEAD_FTL_4_2,m,0,0,0,LUA_MENU_MP_RIG_SUPPLY_DROP_UNLOCK_DESC,0,mp_ftl_head_5_1,archetype_assassin,icon_head_ftl4_2,head_54,LUA_MENU_MP_QUARTERMASTER,,,loot,,54,
55,mp_ftl_head_4_3,CUSTOMIZE_HEAD_FTL_4_3,m,0,0,0,LUA_MENU_MP_RIG_SUPPLY_DROP_UNLOCK_DESC,0,mp_ftl_head_5_1,archetype_assassin,icon_head_ftl4_3,head_55,LUA_MENU_MP_QUARTERMASTER,,,loot,,55,
56,mp_ftl_head_4_4,CUSTOMIZE_HEAD_FTL_4_4,m,0,0,0,LUA_MENU_MP_RIG_SUPPLY_DROP_UNLOCK_DESC,0,mp_ftl_head_5_1,archetype_assassin,icon_head_ftl4_4,head_56,LUA_MENU_MP_QUARTERMASTER,,,loot,,56,
57,mp_ftl_head_5_1,CUSTOMIZE_HEAD_FTL_5_1,m,0,0,0,,0,mp_ftl_head_5_1,archetype_assassin,icon_head_ftl5_1,head_57,default,,,unlock,,-1,
58,mp_ftl_head_5_2,CUSTOMIZE_HEAD_FTL_5_2,m,0,0,0,CHALLENGE_ASSASSIN_KILLS_DESC,0,mp_ftl_head_5_1,archetype_assassin,icon_head_ftl5_2,head_58,LUA_MENU_MULTIPLAYER_CAPS,ch_assassin_kills,1,unlock,400,2,
59,mp_ftl_head_5_3,CUSTOMIZE_HEAD_FTL_5_3,m,0,0,0,LUA_MENU_MP_RIG_SUPPLY_DROP_UNLOCK_DESC,0,mp_ftl_head_5_1,archetype_assassin,icon_head_ftl5_3,head_59,LUA_MENU_MP_QUARTERMASTER,,,loot,,59,
60,mp_ftl_head_5_4,CUSTOMIZE_HEAD_FTL_5_4,m,0,0,0,CHALLENGE_ASSASSIN_STREAK_DESC,0,mp_ftl_head_5_1,archetype_assassin,icon_head_ftl5_4,head_60,LUA_MENU_MULTIPLAYER_CAPS,ch_assassin_3streak,0,unlock,30,5,
61,mp_ghost_head_1_4,CUSTOMIZE_HEAD_GHOST_1_4,m,0,0,0,CHALLENGE_SNIPER_MULTI_DESC,0,mp_ghost_head_1_1,archetype_sniper,icon_head_ghost1_4,head_61,LUA_MENU_MULTIPLAYER_CAPS,ch_sniper_2multikill,0,unlock,50,3,
62,mp_ghost_head_2_1,CUSTOMIZE_HEAD_GHOST_2_1,m,0,0,0,LUA_MENU_MP_RIG_SUPPLY_DROP_UNLOCK_DESC,0,mp_ghost_head_1_1,archetype_sniper,icon_head_ghost2_1,head_62,LUA_MENU_MP_QUARTERMASTER,,,loot,,62,
63,mp_ghost_head_3_1,CUSTOMIZE_HEAD_GHOST_3_1,m,0,0,0,LUA_MENU_MP_RIG_SUPPLY_DROP_UNLOCK_DESC,0,mp_ghost_head_1_1,archetype_sniper,icon_head_ghost3_1,head_63,LUA_MENU_MP_QUARTERMASTER,,,loot,,63,
64,mp_synaptic_head_4_1,CUSTOMIZE_HEAD_SYNAPTIC_4_1,m,0,0,0,LUA_MENU_MP_RIG_SUPPLY_DROP_UNLOCK_DESC,0,mp_synaptic_head_1_1,archetype_scout,icon_head_synaptic4_1,head_64,LUA_MENU_MP_QUARTERMASTER,,,loot,,64,
65,mp_synaptic_head_5_1,CUSTOMIZE_HEAD_SYNAPTIC_5_1,m,0,0,0,LUA_MENU_MP_RIG_SUPPLY_DROP_UNLOCK_DESC,0,mp_synaptic_head_1_1,archetype_scout,icon_head_synaptic5_1,head_65,LUA_MENU_MP_QUARTERMASTER,,,loot,,65,
66,mp_ghost_head_3_2,CUSTOMIZE_HEAD_GHOST_3_2,m,0,0,0,LUA_MENU_MP_RIG_SUPPLY_DROP_UNLOCK_DESC,0,mp_ghost_head_1_1,archetype_sniper,icon_head_ghost3_2,head_66,LUA_MENU_MP_QUARTERMASTER,,,loot,,66,
67,mp_ghost_head_3_3,CUSTOMIZE_HEAD_GHOST_3_3,m,0,0,0,LUA_MENU_MP_RIG_SUPPLY_DROP_UNLOCK_DESC,0,mp_ghost_head_1_1,archetype_sniper,icon_head_ghost3_3,head_67,LUA_MENU_MP_QUARTERMASTER,,,loot,,67,
68,mp_ghost_head_3_4,CUSTOMIZE_HEAD_GHOST_3_4,m,0,0,0,LUA_MENU_MP_RIG_SUPPLY_DROP_UNLOCK_DESC,0,mp_ghost_head_1_1,archetype_sniper,icon_head_ghost3_4,head_68,LUA_MENU_MP_QUARTERMASTER,,,loot,,68,
69,mp_ghost_head_4_1,CUSTOMIZE_HEAD_GHOST_4_1,m,0,0,0,LUA_MENU_MP_RIG_SUPPLY_DROP_UNLOCK_DESC,0,mp_ghost_head_1_1,archetype_sniper,icon_head_ghost4_1,head_69,LUA_MENU_MP_QUARTERMASTER,,,loot,,69,
70,mp_ghost_head_4_2,CUSTOMIZE_HEAD_GHOST_4_2,m,0,0,0,CHALLENGE_SNIPER_MULTI_DESC,0,mp_ghost_head_1_1,archetype_sniper,icon_head_ghost4_2,head_70,LUA_MENU_MULTIPLAYER_CAPS,ch_sniper_2multikill,1,unlock,100,4,
71,mp_ghost_head_4_3,CUSTOMIZE_HEAD_GHOST_4_3,m,0,0,0,LUA_MENU_MP_RIG_SUPPLY_DROP_UNLOCK_DESC,0,mp_ghost_head_1_1,archetype_sniper,icon_head_ghost4_3,head_71,LUA_MENU_MP_QUARTERMASTER,,,loot,,71,
72,mp_ghost_head_4_4,CUSTOMIZE_HEAD_GHOST_4_4,m,0,0,0,LUA_MENU_MP_RIG_SUPPLY_DROP_UNLOCK_DESC,0,mp_ghost_head_1_1,archetype_sniper,icon_head_ghost4_4,head_72,LUA_MENU_MP_QUARTERMASTER,,,loot,,72,
73,mp_ghost_head_5_1,CUSTOMIZE_HEAD_GHOST_5_1,m,0,0,0,LUA_MENU_MP_RIG_SUPPLY_DROP_UNLOCK_DESC,0,mp_ghost_head_1_1,archetype_sniper,icon_head_ghost5_1,head_73,LUA_MENU_MP_QUARTERMASTER,,,loot,,73,
74,mp_ghost_head_5_2,CUSTOMIZE_HEAD_GHOST_5_2,m,0,0,0,LUA_MENU_MP_RIG_SUPPLY_DROP_UNLOCK_DESC,0,mp_ghost_head_1_1,archetype_sniper,icon_head_ghost5_2,head_74,LUA_MENU_MP_QUARTERMASTER,,,loot,,74,
75,mp_ghost_head_5_3,CUSTOMIZE_HEAD_GHOST_5_3,m,0,0,0,LUA_MENU_MP_RIG_SUPPLY_DROP_UNLOCK_DESC,0,mp_ghost_head_1_1,archetype_sniper,icon_head_ghost5_3,head_75,LUA_MENU_MP_QUARTERMASTER,,,loot,,75,
76,mp_ghost_head_5_4,CUSTOMIZE_HEAD_GHOST_5_4,m,0,0,0,CHALLENGE_SNIPER_STREAK_DESC,0,mp_ghost_head_1_1,archetype_sniper,icon_head_ghost5_4,head_76,LUA_MENU_MULTIPLAYER_CAPS,ch_sniper_3streak,0,unlock,30,5,
77,mp_stryker_head_4_2,CUSTOMIZE_HEAD_STRYKER_4_2,m,0,0,0,LUA_MENU_MP_RIG_SUPPLY_DROP_UNLOCK_DESC,0,mp_stryker_head_3_1,archetype_engineer,icon_head_stryker4_2,head_77,LUA_MENU_MP_QUARTERMASTER,,,loot,,77,
78,mp_stryker_head_4_3,CUSTOMIZE_HEAD_STRYKER_4_3,m,0,0,0,LUA_MENU_MP_RIG_SUPPLY_DROP_UNLOCK_DESC,0,mp_stryker_head_3_1,archetype_engineer,icon_head_stryker4_3,head_78,LUA_MENU_MP_QUARTERMASTER,,,loot,,78,
79,mp_stryker_head_4_4,CUSTOMIZE_HEAD_STRYKER_4_4,m,0,0,0,LUA_MENU_MP_RIG_SUPPLY_DROP_UNLOCK_DESC,0,mp_stryker_head_3_1,archetype_engineer,icon_head_stryker4_4,head_79,LUA_MENU_MP_QUARTERMASTER,,,loot,,79,
80,mp_synaptic_head_1_2,CUSTOMIZE_HEAD_SYNAPTIC_1_2,m,0,0,0,CHALLENGE_SCOUT_STREAK_DESC,0,mp_synaptic_head_1_1,archetype_scout,icon_head_synaptic1_2,head_80,LUA_MENU_MULTIPLAYER_CAPS,ch_scout_3streak,0,unlock,30,5,
81,mp_synaptic_head_3_2,CUSTOMIZE_HEAD_SYNAPTIC_3_2,m,0,0,0,LUA_MENU_MP_RIG_SUPPLY_DROP_UNLOCK_DESC,0,mp_synaptic_head_1_1,archetype_scout,icon_head_synaptic3_2,head_81,LUA_MENU_MP_QUARTERMASTER,,,loot,,81,
82,mp_synaptic_head_3_3,CUSTOMIZE_HEAD_SYNAPTIC_3_3,m,0,0,0,CHALLENGE_SCOUT_SUPER_DESC,0,mp_synaptic_head_1_1,archetype_scout,icon_head_synaptic3_3,head_82,LUA_MENU_MULTIPLAYER_CAPS,ch_scout_super,0,unlock,60,0,
83,mp_synaptic_head_3_4,CUSTOMIZE_HEAD_SYNAPTIC_3_4,m,0,0,0,CHALLENGE_SCOUT_STREAK_DESC,0,mp_synaptic_head_1_1,archetype_scout,icon_head_synaptic3_4,head_83,LUA_MENU_MULTIPLAYER_CAPS,ch_scout_3streak,1,unlock,60,6,
84,mp_synaptic_head_4_2,CUSTOMIZE_HEAD_SYNAPTIC_4_2,m,0,0,0,CHALLENGE_SCOUT_KILLS_DESC,0,mp_synaptic_head_1_1,archetype_scout,icon_head_synaptic4_2,head_84,LUA_MENU_MULTIPLAYER_CAPS,ch_scout_kills,0,unlock,200,1,
85,mp_synaptic_head_4_3,CUSTOMIZE_HEAD_SYNAPTIC_4_3,m,0,0,0,LUA_MENU_MP_RIG_SUPPLY_DROP_UNLOCK_DESC,0,mp_synaptic_head_1_1,archetype_scout,icon_head_synaptic4_3,head_85,LUA_MENU_MP_QUARTERMASTER,,,loot,,85,
86,mp_synaptic_head_4_4,CUSTOMIZE_HEAD_SYNAPTIC_4_4,m,0,0,0,CHALLENGE_SCOUT_MULTI_DESC,0,mp_synaptic_head_1_1,archetype_scout,icon_head_synaptic4_4,head_86,LUA_MENU_MULTIPLAYER_CAPS,ch_scout_2multikill,0,unlock,50,3,
87,mp_ftl_head_1_2,CUSTOMIZE_HEAD_FTL_1_2,m,0,0,0,LUA_MENU_MP_RIG_SUPPLY_DROP_UNLOCK_DESC,0,mp_ftl_head_5_1,archetype_assassin,icon_head_ftl1_2,head_87,LUA_MENU_MP_QUARTERMASTER,,,loot,,87,
88,mp_ftl_head_1_3,CUSTOMIZE_HEAD_FTL_1_3,m,0,0,0,CHALLENGE_ASSASSIN_STREAK_DESC,0,mp_ftl_head_5_1,archetype_assassin,icon_head_ftl1_3,head_88,LUA_MENU_MULTIPLAYER_CAPS,ch_assassin_3streak,1,unlock,60,6,
89,mp_ftl_head_1_4,CUSTOMIZE_HEAD_FTL_1_4,m,0,0,0,CHALLENGE_ASSASSIN_SUPER_DESC,0,mp_ftl_head_5_1,archetype_assassin,icon_head_ftl1_4,head_89,LUA_MENU_MULTIPLAYER_CAPS,ch_assassin_super,0,unlock,60,0,
90,mp_ftl_head_2_2,CUSTOMIZE_HEAD_FTL_2_2,m,0,0,0,LUA_MENU_MP_RIG_SUPPLY_DROP_UNLOCK_DESC,0,mp_ftl_head_5_1,archetype_assassin,icon_head_ftl2_2,head_90,LUA_MENU_MP_QUARTERMASTER,,,loot,,90,
91,mp_ftl_head_2_3,CUSTOMIZE_HEAD_FTL_2_3,m,0,0,0,LUA_MENU_MP_RIG_SUPPLY_DROP_UNLOCK_DESC,0,mp_ftl_head_5_1,archetype_assassin,icon_head_ftl2_3,head_91,LUA_MENU_MP_QUARTERMASTER,,,loot,,91,
92,mp_ftl_head_2_4,CUSTOMIZE_HEAD_FTL_2_4,m,0,0,0,LUA_MENU_MP_RIG_SUPPLY_DROP_UNLOCK_DESC,0,mp_ftl_head_5_1,archetype_assassin,icon_head_ftl2_4,head_92,LUA_MENU_MP_QUARTERMASTER,,,loot,,92,
93,mp_ftl_head_3_2,CUSTOMIZE_HEAD_FTL_3_2,m,0,0,0,LUA_MENU_MP_RIG_SUPPLY_DROP_UNLOCK_DESC,0,mp_ftl_head_5_1,archetype_assassin,icon_head_ftl3_2,head_93,LUA_MENU_MP_QUARTERMASTER,,,loot,,93,
94,mp_ftl_head_3_3,CUSTOMIZE_HEAD_FTL_3_3,m,0,0,0,LUA_MENU_MP_RIG_SUPPLY_DROP_UNLOCK_DESC,0,mp_ftl_head_5_1,archetype_assassin,icon_head_ftl3_3,head_94,LUA_MENU_MP_QUARTERMASTER,,,loot,,94,
95,mp_ftl_head_3_4,CUSTOMIZE_HEAD_FTL_3_4,m,0,0,0,LUA_MENU_MP_RIG_SUPPLY_DROP_UNLOCK_DESC,0,mp_ftl_head_5_1,archetype_assassin,icon_head_ftl3_4,head_95,LUA_MENU_MP_QUARTERMASTER,,,loot,,95,
96,mp_ghost_head_2_2,CUSTOMIZE_HEAD_GHOST_2_2,m,0,0,0,CHALLENGE_SNIPER_STREAK_DESC,0,mp_ghost_head_1_1,archetype_sniper,icon_head_ghost2_2,head_96,LUA_MENU_MULTIPLAYER_CAPS,ch_sniper_3streak,1,unlock,60,6,
97,mp_ghost_head_2_3,CUSTOMIZE_HEAD_GHOST_2_3,m,0,0,0,LUA_MENU_MP_RIG_SUPPLY_DROP_UNLOCK_DESC,0,mp_ghost_head_1_1,archetype_sniper,icon_head_ghost2_3,head_97,LUA_MENU_MP_QUARTERMASTER,,,loot,,97,
98,mp_ghost_head_2_4,CUSTOMIZE_HEAD_GHOST_2_4,m,0,0,0,CHALLENGE_SNIPER_SUPER_DESC,0,mp_ghost_head_1_1,archetype_sniper,icon_head_ghost2_4,head_98,LUA_MENU_MULTIPLAYER_CAPS,ch_sniper_super,0,unlock,60,0,
99,mp_head_heavy_4_1,CUSTOMIZE_HEAD_MERC_4_1,m,0,0,0,LUA_MENU_MP_RIG_SUPPLY_DROP_UNLOCK_DESC,0,mp_head_heavy_1_1,archetype_heavy,icon_head_merc4_1,head_99,LUA_MENU_MP_QUARTERMASTER,,,loot,,99,
100,mp_head_heavy_4_2,CUSTOMIZE_HEAD_MERC_4_2,m,0,0,0,LUA_MENU_MP_RIG_SUPPLY_DROP_UNLOCK_DESC,0,mp_head_heavy_1_1,archetype_heavy,icon_head_merc4_2,head_100,LUA_MENU_MP_QUARTERMASTER,,,loot,,100,
101,mp_head_heavy_4_3,CUSTOMIZE_HEAD_MERC_4_3,m,0,0,0,LUA_MENU_MP_RIG_SUPPLY_DROP_UNLOCK_DESC,0,mp_head_heavy_1_1,archetype_heavy,icon_head_merc4_3,head_101,LUA_MENU_MP_QUARTERMASTER,,,loot,,101,
102,mp_head_heavy_4_4,CUSTOMIZE_HEAD_MERC_4_4,m,0,0,0,LUA_MENU_MP_RIG_SUPPLY_DROP_UNLOCK_DESC,0,mp_head_heavy_1_1,archetype_heavy,icon_head_merc4_4,head_102,LUA_MENU_MP_QUARTERMASTER,,,loot,,102,
103,mp_head_heavy_5_1,CUSTOMIZE_HEAD_MERC_5_1,m,0,0,0,CHALLENGE_HEAVY_SUPER_DESC,0,mp_head_heavy_1_1,archetype_heavy,icon_head_merc5_1,head_103,LUA_MENU_MULTIPLAYER_CAPS,ch_heavy_super,0,unlock,60,0,
104,mp_head_heavy_5_2,CUSTOMIZE_HEAD_MERC_5_2,m,0,0,0,LUA_MENU_MP_RIG_SUPPLY_DROP_UNLOCK_DESC,0,mp_head_heavy_1_1,archetype_heavy,icon_head_merc5_2,head_104,LUA_MENU_MP_QUARTERMASTER,,,loot,,104,
105,mp_head_heavy_5_3,CUSTOMIZE_HEAD_MERC_5_3,m,0,0,0,LUA_MENU_MP_RIG_SUPPLY_DROP_UNLOCK_DESC,0,mp_head_heavy_1_1,archetype_heavy,icon_head_merc5_3,head_105,LUA_MENU_MP_QUARTERMASTER,,,loot,,105,
106,mp_head_heavy_5_4,CUSTOMIZE_HEAD_MERC_5_4,m,0,0,0,CHALLENGE_HEAVY_STREAK_DESC,0,mp_head_heavy_1_1,archetype_heavy,icon_head_merc5_4,head_106,LUA_MENU_MULTIPLAYER_CAPS,ch_heavy_3streak,0,unlock,30,5,
107,mp_stryker_head_3_2,CUSTOMIZE_HEAD_STRYKER_3_2,m,0,0,0,LUA_MENU_MP_RIG_SUPPLY_DROP_UNLOCK_DESC,0,mp_stryker_head_3_1,archetype_engineer,icon_head_stryker3_2,head_107,LUA_MENU_MP_QUARTERMASTER,,,loot,,107,
108,mp_stryker_head_3_3,CUSTOMIZE_HEAD_STRYKER_3_3,m,0,0,0,CHALLENGE_ENGINEER_SUPER_DESC,0,mp_stryker_head_3_1,archetype_engineer,icon_head_stryker3_3,head_108,LUA_MENU_MULTIPLAYER_CAPS,ch_engineer_super,0,unlock,60,0,
109,mp_stryker_head_3_4,CUSTOMIZE_HEAD_STRYKER_3_4,m,0,0,0,LUA_MENU_MP_RIG_SUPPLY_DROP_UNLOCK_DESC,0,mp_stryker_head_3_1,archetype_engineer,icon_head_stryker3_4,head_109,LUA_MENU_MP_QUARTERMASTER,,,loot,,109,
110,mp_synaptic_head_1_wraith,CUSTOMIZE_HEAD_SYNAPTIC_1_3,m,0,0,0,CHALLENGE_SCOUT_MULTI_DESC,0,mp_synaptic_head_1_1,archetype_scout,icon_head_synaptic_wraith,head_110,LUA_MENU_MULTIPLAYER_CAPS,ch_scout_2multikill,1,unlock,100,4,
111,mp_synaptic_head_1_4,CUSTOMIZE_HEAD_SYNAPTIC_1_4,m,0,0,0,LUA_MENU_MP_RIG_SUPPLY_DROP_UNLOCK_DESC,0,mp_synaptic_head_1_1,archetype_scout,icon_head_synaptic1_4,head_111,LUA_MENU_MP_QUARTERMASTER,,,loot,,111,
112,mp_synaptic_head_2_2,CUSTOMIZE_HEAD_SYNAPTIC_2_2,m,0,0,0,LUA_MENU_MP_RIG_SUPPLY_DROP_UNLOCK_DESC,0,mp_synaptic_head_1_1,archetype_scout,icon_head_synaptic2_2,head_112,LUA_MENU_MP_QUARTERMASTER,,,loot,,112,
113,mp_synaptic_head_2_3,CUSTOMIZE_HEAD_SYNAPTIC_2_3,m,0,0,0,LUA_MENU_MP_RIG_SUPPLY_DROP_UNLOCK_DESC,0,mp_synaptic_head_1_1,archetype_scout,icon_head_synaptic2_3,head_113,LUA_MENU_MP_QUARTERMASTER,,,loot,,113,
114,mp_synaptic_head_2_4,CUSTOMIZE_HEAD_SYNAPTIC_2_4,m,0,0,0,LUA_MENU_MP_RIG_SUPPLY_DROP_UNLOCK_DESC,0,mp_synaptic_head_1_1,archetype_scout,icon_head_synaptic2_4,head_114,LUA_MENU_MP_QUARTERMASTER,,,loot,,114,
115,mp_synaptic_head_5_2,CUSTOMIZE_HEAD_SYNAPTIC_5_2,m,0,0,0,LUA_MENU_MP_RIG_SUPPLY_DROP_UNLOCK_DESC,0,mp_synaptic_head_1_1,archetype_scout,icon_head_synaptic5_2,head_115,LUA_MENU_MP_QUARTERMASTER,,,loot,,115,
116,mp_synaptic_head_5_3,CUSTOMIZE_HEAD_SYNAPTIC_5_3,m,0,0,0,LUA_MENU_MP_RIG_SUPPLY_DROP_UNLOCK_DESC,0,mp_synaptic_head_1_1,archetype_scout,icon_head_synaptic5_3,head_116,LUA_MENU_MP_QUARTERMASTER,,,loot,,116,
117,mp_synaptic_head_5_4,CUSTOMIZE_HEAD_SYNAPTIC_5_4,m,0,0,0,LUA_MENU_MP_RIG_SUPPLY_DROP_UNLOCK_DESC,0,mp_synaptic_head_1_1,archetype_scout,icon_head_synaptic5_4,head_117,LUA_MENU_MP_QUARTERMASTER,,,loot,,117,
118,mp_warfighter_head_5_1,CUSTOMIZE_HEAD_WARFIGHTER_5_1,m,0,0,0,CHALLENGE_ASSAULT_MULTI_DESC,0,mp_warfighter_head_1_1,archetype_assault,icon_head_warfighter5_1,head_118,LUA_MENU_MULTIPLAYER_CAPS,ch_assault_2multikill,1,unlock,100,4,
119,mp_warfighter_head_5_2,CUSTOMIZE_HEAD_WARFIGHTER_5_2,m,0,0,0,LUA_MENU_MP_RIG_SUPPLY_DROP_UNLOCK_DESC,0,mp_warfighter_head_1_1,archetype_assault,icon_head_warfighter5_2,head_119,LUA_MENU_MP_QUARTERMASTER,,,loot,,119,
120,mp_warfighter_head_5_3,CUSTOMIZE_HEAD_WARFIGHTER_5_3,m,0,0,0,LUA_MENU_MP_RIG_SUPPLY_DROP_UNLOCK_DESC,0,mp_warfighter_head_1_1,archetype_assault,icon_head_warfighter5_3,head_120,LUA_MENU_MP_QUARTERMASTER,,,loot,,120,
121,mp_warfighter_head_5_4,CUSTOMIZE_HEAD_WARFIGHTER_5_4,m,0,0,0,LUA_MENU_MP_RIG_SUPPLY_DROP_UNLOCK_DESC,0,mp_warfighter_head_1_1,archetype_assault,icon_head_warfighter5_4,head_121,LUA_MENU_MP_QUARTERMASTER,,,loot,,121,
122,mp_warfighter_head_jtf_wolverines,CUSTOMIZE_HEAD_WARFIGHTER_JTF_WOLVERINES,m,0,0,0,MP_FRONTEND_ONLY_UNLOCKED_VIA_MISSION_TEAMS,0,mp_warfighter_head_1_1,archetype_assault,icon_head_warfighter_wolverines,head_122,MENU_MISSION_TEAMS,,,loot,,122,
123,mp_stryker_head_4_sabre,CUSTOMIZE_HEAD_STRYKER_SABRE,m,0,0,0,MP_FRONTEND_ONLY_UNLOCKED_VIA_MISSION_TEAMS,0,mp_stryker_head_3_1,archetype_engineer,icon_head_stryker_sabre,head_123,MENU_MISSION_TEAMS,,,loot,,123,
124,mp_warfighter_head_3_orion,CUSTOMIZE_HEAD_WARFIGHTER_ORION,m,0,0,0,MP_FRONTEND_ONLY_UNLOCKED_VIA_MISSION_TEAMS,0,mp_warfighter_head_1_1,archetype_assault,icon_head_warfighter_orion,head_124,MENU_MISSION_TEAMS,,,loot,,124,
125,mp_head_heavy_1_wolverines,CUSTOMIZE_HEAD_HEAVY_JTF_WOLVERINES,m,0,0,0,MP_FRONTEND_ONLY_UNLOCKED_VIA_MISSION_TEAMS,0,mp_head_heavy_1_1,archetype_heavy,icon_head_merc_wolverines,head_125,MENU_MISSION_TEAMS,,,loot,,125,
126,mp_stryker_orion_helmet,CUSTOMIZE_HEAD_STRYKER_ORION,m,0,0,0,MP_FRONTEND_ONLY_UNLOCKED_VIA_MISSION_TEAMS,0,mp_stryker_head_3_1,archetype_engineer,icon_head_stryker_orion,head_126,MENU_MISSION_TEAMS,,,loot,,126,
127,mp_ftl_head_sabre_team_7,CUSTOMIZE_HEAD_FTL_SABRE,m,0,0,0,MP_FRONTEND_ONLY_UNLOCKED_VIA_MISSION_TEAMS,0,mp_ftl_head_5_1,archetype_assassin,icon_head_ftl_sabre,head_127,MENU_MISSION_TEAMS,,,loot,,127,
128,mp_synaptic_head_1_3,CUSTOMIZE_HEAD_SYNAPTIC_WRAITH,m,0,0,0,MP_FRONTEND_ONLY_UNLOCKED_VIA_MISSION_TEAMS,0,mp_synaptic_head_1_1,archetype_scout,icon_head_synaptic1_3,head_128,MENU_MISSION_TEAMS,,,loot,,128,
129,mp_ghost_head_3_wraith,CUSTOMIZE_HEAD_GHOST_WRAITH,m,0,0,0,MP_FRONTEND_ONLY_UNLOCKED_VIA_MISSION_TEAMS,0,mp_ghost_head_1_1,archetype_sniper,icon_head_ghost_wraith,head_129,MENU_MISSION_TEAMS,,,loot,,129,
130,mp_warfighter_head_6_1,CUSTOMIZE_HEAD_WARFIGHTER_6_1,m,0,0,0,LUA_MENU_MP_RIG_SUPPLY_DROP_UNLOCK_DESC,0,mp_warfighter_head_1_1,archetype_assault,icon_head_warfighter6_1,head_130,LUA_MENU_MP_QUARTERMASTER,,,loot,,130,
131,mp_warfighter_head_6_3,CUSTOMIZE_HEAD_WARFIGHTER_6_3,m,0,0,0,LUA_MENU_MP_RIG_SUPPLY_DROP_UNLOCK_DESC,0,mp_warfighter_head_1_1,archetype_assault,icon_head_warfighter6_3,head_131,LUA_MENU_MP_QUARTERMASTER,,,loot,,131,
132,mp_head_heavy_6_1,CUSTOMIZE_HEAD_MERC_6_1,m,0,0,0,LUA_MENU_MP_RIG_SUPPLY_DROP_UNLOCK_DESC,0,mp_head_heavy_1_1,archetype_heavy,icon_head_merc6_1,head_132,LUA_MENU_MP_QUARTERMASTER,,,loot,,132,
133,mp_head_heavy_6_3,CUSTOMIZE_HEAD_MERC_6_3,m,0,0,0,LUA_MENU_MP_RIG_SUPPLY_DROP_UNLOCK_DESC,0,mp_head_heavy_1_1,archetype_heavy,icon_head_merc6_3,head_133,LUA_MENU_MP_QUARTERMASTER,,,loot,,133,
134,mp_synaptic_head_6_1,CUSTOMIZE_HEAD_SYNAPTIC_6_1,m,0,0,0,LUA_MENU_MP_RIG_SUPPLY_DROP_UNLOCK_DESC,0,mp_synaptic_head_1_1,archetype_scout,icon_head_synaptic6_1,head_134,LUA_MENU_MP_QUARTERMASTER,,,loot,,134,
135,mp_synaptic_head_6_2,CUSTOMIZE_HEAD_SYNAPTIC_6_2,m,0,0,0,LUA_MENU_MP_RIG_SUPPLY_DROP_UNLOCK_DESC,0,mp_synaptic_head_1_1,archetype_scout,icon_head_synaptic6_2,head_135,LUA_MENU_MP_QUARTERMASTER,,,loot,,135,
136,mp_ftl_head_6_1,CUSTOMIZE_HEAD_FTL_6_1,m,0,0,0,LUA_MENU_MP_RIG_SUPPLY_DROP_UNLOCK_DESC,0,mp_ftl_head_5_1,archetype_assassin,icon_head_ftl6_1,head_136,LUA_MENU_MP_QUARTERMASTER,,,loot,,136,
137,mp_ftl_head_6_2,CUSTOMIZE_HEAD_FTL_6_2,m,0,0,0,LUA_MENU_MP_RIG_SUPPLY_DROP_UNLOCK_DESC,0,mp_ftl_head_5_1,archetype_assassin,icon_head_ftl6_2,head_137,LUA_MENU_MP_QUARTERMASTER,,,loot,,137,
138,mp_stryker_head_6_1,CUSTOMIZE_HEAD_STRYKER_6_1,m,0,0,0,LUA_MENU_MP_RIG_SUPPLY_DROP_UNLOCK_DESC,0,mp_stryker_head_3_1,archetype_engineer,icon_head_stryker6_1,head_138,LUA_MENU_MP_QUARTERMASTER,,,loot,,138,
139,mp_stryker_head_6_3,CUSTOMIZE_HEAD_STRYKER_6_3,m,0,0,0,LUA_MENU_MP_RIG_SUPPLY_DROP_UNLOCK_DESC,0,mp_stryker_head_3_1,archetype_engineer,icon_head_stryker6_3,head_139,LUA_MENU_MP_QUARTERMASTER,,,loot,,139,
140,mp_ghost_head_6_1,CUSTOMIZE_HEAD_GHOST_6_1,m,0,0,0,LUA_MENU_MP_RIG_SUPPLY_DROP_UNLOCK_DESC,0,mp_ghost_head_1_1,archetype_sniper,icon_head_ghost6_1,head_140,LUA_MENU_MP_QUARTERMASTER,,,loot,,140,
141,mp_ghost_head_6_4,CUSTOMIZE_HEAD_GHOST_6_4,m,0,0,0,LUA_MENU_MP_RIG_SUPPLY_DROP_UNLOCK_DESC,0,mp_ghost_head_1_1,archetype_sniper,icon_head_ghost6_4,head_141,LUA_MENU_MP_QUARTERMASTER,,,loot,,141,
142,mp_warfighter_head_6_2,CUSTOMIZE_HEAD_WARFIGHTER_6_2,m,0,0,0,LUA_MENU_MP_RIG_SUPPLY_DROP_UNLOCK_DESC,0,mp_warfighter_head_1_1,archetype_assault,icon_head_warfighter6_2,head_142,LUA_MENU_MP_QUARTERMASTER,,,loot,,142,
143,mp_warfighter_head_6_4,CUSTOMIZE_HEAD_WARFIGHTER_6_4,m,0,0,0,LUA_MENU_MP_RIG_SUPPLY_DROP_UNLOCK_DESC,0,mp_warfighter_head_1_1,archetype_assault,icon_head_warfighter6_4,head_143,LUA_MENU_MP_QUARTERMASTER,,,loot,,143,
144,mp_head_heavy_6_2,CUSTOMIZE_HEAD_MERC_6_2,m,0,0,0,LUA_MENU_MP_RIG_SUPPLY_DROP_UNLOCK_DESC,0,mp_head_heavy_1_1,archetype_heavy,icon_head_merc6_2,head_144,LUA_MENU_MP_QUARTERMASTER,,,loot,,144,
145,mp_head_heavy_6_4,CUSTOMIZE_HEAD_MERC_6_4,m,0,0,0,LUA_MENU_MP_RIG_SUPPLY_DROP_UNLOCK_DESC,0,mp_head_heavy_1_1,archetype_heavy,icon_head_merc6_4,head_145,LUA_MENU_MP_QUARTERMASTER,,,loot,,145,
146,mp_synaptic_head_6_3,CUSTOMIZE_HEAD_SYNAPTIC_6_3,m,0,0,0,LUA_MENU_MP_RIG_SUPPLY_DROP_UNLOCK_DESC,0,mp_synaptic_head_1_1,archetype_scout,icon_head_synaptic6_3,head_146,LUA_MENU_MP_QUARTERMASTER,,,loot,,146,
147,mp_synaptic_head_6_4,CUSTOMIZE_HEAD_SYNAPTIC_6_4,m,0,0,0,LUA_MENU_MP_RIG_SUPPLY_DROP_UNLOCK_DESC,0,mp_synaptic_head_1_1,archetype_scout,icon_head_synaptic6_4,head_147,LUA_MENU_MP_QUARTERMASTER,,,loot,,147,
148,mp_ftl_head_6_3,CUSTOMIZE_HEAD_FTL_6_3,m,0,0,0,LUA_MENU_MP_RIG_SUPPLY_DROP_UNLOCK_DESC,0,mp_ftl_head_5_1,archetype_assassin,icon_head_ftl6_3,head_148,LUA_MENU_MP_QUARTERMASTER,,,loot,,148,
149,mp_ftl_head_6_4,CUSTOMIZE_HEAD_FTL_6_4,m,0,0,0,LUA_MENU_MP_RIG_SUPPLY_DROP_UNLOCK_DESC,0,mp_ftl_head_5_1,archetype_assassin,icon_head_ftl6_4,head_149,LUA_MENU_MP_QUARTERMASTER,,,loot,,149,
150,mp_stryker_head_6_2,CUSTOMIZE_HEAD_STRYKER_6_2,m,0,0,0,LUA_MENU_MP_RIG_SUPPLY_DROP_UNLOCK_DESC,0,mp_stryker_head_3_1,archetype_engineer,icon_head_stryker6_2,head_150,LUA_MENU_MP_QUARTERMASTER,,,loot,,150,
151,mp_stryker_head_6_4,CUSTOMIZE_HEAD_STRYKER_6_4,m,0,0,0,LUA_MENU_MP_RIG_SUPPLY_DROP_UNLOCK_DESC,0,mp_stryker_head_3_1,archetype_engineer,icon_head_stryker6_4,head_151,LUA_MENU_MP_QUARTERMASTER,,,loot,,151,
152,mp_ghost_head_6_2,CUSTOMIZE_HEAD_GHOST_6_2,m,0,0,0,LUA_MENU_MP_RIG_SUPPLY_DROP_UNLOCK_DESC,0,mp_ghost_head_1_1,archetype_sniper,icon_head_ghost6_2,head_152,LUA_MENU_MP_QUARTERMASTER,,,loot,,152,
153,mp_ghost_head_6_3,CUSTOMIZE_HEAD_GHOST_6_3,m,0,0,0,LUA_MENU_MP_RIG_SUPPLY_DROP_UNLOCK_DESC,0,mp_ghost_head_1_1,archetype_sniper,icon_head_ghost6_3,head_153,LUA_MENU_MP_QUARTERMASTER,,,loot,,153,
154,mp_warfighter_head_7,CUSTOMIZE_HEAD_WARFIGHTER_7,m,0,0,0,LUA_MENU_MP_RIG_SUPPLY_DROP_UNLOCK_DESC,0,mp_warfighter_head_1_1,archetype_assault,icon_head_warfighter7_1,head_154,LUA_MENU_MP_QUARTERMASTER,,,loot,,154,
155,mp_head_heavy_7_1,CUSTOMIZE_HEAD_MERC_7_1,m,0,0,0,LUA_MENU_MP_RIG_SUPPLY_DROP_UNLOCK_DESC,0,mp_head_heavy_1_1,archetype_heavy,icon_head_merc7_1,head_155,LUA_MENU_MP_QUARTERMASTER,,,loot,,155,
156,mp_ghost_head_8,CUSTOMIZE_HEAD_GHOST_8,m,0,0,0,LUA_MENU_MP_RIG_SUPPLY_DROP_UNLOCK_DESC,0,mp_ghost_head_1_1,archetype_sniper,icon_head_ghost8_1,head_156,LUA_MENU_MP_QUARTERMASTER,,,loot,,156,
157,mp_ftl_head_7,CUSTOMIZE_HEAD_FTL_7,m,0,0,0,LUA_MENU_MP_RIG_SUPPLY_DROP_UNLOCK_DESC,0,mp_ftl_head_5_1,archetype_assassin,icon_head_ftl7_1,head_157,LUA_MENU_MP_QUARTERMASTER,,,loot,,157,
158,mp_synaptic_head_7,CUSTOMIZE_HEAD_SYNAPTIC_7,m,0,0,0,LUA_MENU_MP_RIG_SUPPLY_DROP_UNLOCK_DESC,0,mp_synaptic_head_1_1,archetype_scout,icon_head_synaptic7_1,head_158,LUA_MENU_MP_QUARTERMASTER,,,loot,,158,
159,mp_stryker_head_7_1,CUSTOMIZE_HEAD_STRYKER_7_1,m,0,0,0,LUA_MENU_MP_RIG_SUPPLY_DROP_UNLOCK_DESC,0,mp_stryker_head_3_1,archetype_engineer,icon_head_stryker7_1,head_159,LUA_MENU_MP_QUARTERMASTER,,,loot,,159,
160,mp_warfighter_head_1_1_dupe1,LUA_MENU_CAMO_40,m,0,0,0,LUA_MENU_MP_RIG_SUPPLY_DROP_UNLOCK_DESC,0,mp_warfighter_head_1_1,archetype_assault,icon_new_3,head_160,LUA_MENU_MP_QUARTERMASTER,,,loot,,160,1
161,mp_warfighter_head_1_1_dupe2,LUA_MENU_CAMO_124,m,0,0,0,LUA_MENU_MP_RIG_SUPPLY_DROP_UNLOCK_DESC,0,mp_warfighter_head_1_1,archetype_assault,icon_new_3,head_161,LUA_MENU_MP_QUARTERMASTER,,,loot,,161,1
162,mp_warfighter_head_1_1_dupe3,LUA_MENU_CAMO_149,m,0,0,0,LUA_MENU_MP_RIG_SUPPLY_DROP_UNLOCK_DESC,0,mp_warfighter_head_1_1,archetype_assault,icon_new_3,head_162,LUA_MENU_MP_QUARTERMASTER,,,loot,,162,1
163,mp_warfighter_head_2_1_dupe1,LUA_MENU_CAMO_71,m,0,0,0,LUA_MENU_MP_RIG_SUPPLY_DROP_UNLOCK_DESC,0,mp_warfighter_head_1_1,archetype_assault,icon_new_3,head_163,LUA_MENU_MP_QUARTERMASTER,,,loot,,163,1
164,mp_warfighter_head_2_1_dupe2,LUA_MENU_CAMO_76,m,0,0,0,LUA_MENU_MP_RIG_SUPPLY_DROP_UNLOCK_DESC,0,mp_warfighter_head_1_1,archetype_assault,icon_new_3,head_164,LUA_MENU_MP_QUARTERMASTER,,,loot,,164,1
165,mp_warfighter_head_2_1_dupe3,LUA_MENU_CAMO_77,m,0,0,0,LUA_MENU_MP_RIG_SUPPLY_DROP_UNLOCK_DESC,0,mp_warfighter_head_1_1,archetype_assault,icon_new_3,head_165,LUA_MENU_MP_QUARTERMASTER,,,loot,,165,1
166,mp_warfighter_head_2_1_dupe4,LUA_MENU_CAMO_186,m,0,0,0,LUA_MENU_MP_RIG_SUPPLY_DROP_UNLOCK_DESC,0,mp_warfighter_head_1_1,archetype_assault,icon_new_3,head_166,LUA_MENU_MP_QUARTERMASTER,,,loot,,166,1
167,mp_warfighter_head_3_1_dupe1,LUA_MENU_CAMO_12,m,0,0,0,LUA_MENU_MP_RIG_SUPPLY_DROP_UNLOCK_DESC,0,mp_warfighter_head_1_1,archetype_assault,icon_new_3,head_167,LUA_MENU_MP_QUARTERMASTER,,,loot,,167,1
168,mp_warfighter_head_3_1_dupe2,LUA_MENU_CAMO_15,m,0,0,0,LUA_MENU_MP_RIG_SUPPLY_DROP_UNLOCK_DESC,0,mp_warfighter_head_1_1,archetype_assault,icon_new_3,head_168,LUA_MENU_MP_QUARTERMASTER,,,loot,,168,1
169,mp_warfighter_head_3_1_dupe3,LUA_MENU_CAMO_33,m,0,0,0,LUA_MENU_MP_RIG_SUPPLY_DROP_UNLOCK_DESC,0,mp_warfighter_head_1_1,archetype_assault,icon_new_3,head_169,LUA_MENU_MP_QUARTERMASTER,,,loot,,169,1
170,mp_warfighter_head_3_1_dupe4,LUA_MENU_CAMO_147,m,0,0,0,LUA_MENU_MP_RIG_SUPPLY_DROP_UNLOCK_DESC,0,mp_warfighter_head_1_1,archetype_assault,icon_new_3,head_170,LUA_MENU_MP_QUARTERMASTER,,,loot,,170,1
171,mp_warfighter_head_4_1_dupe1,LUA_MENU_CAMO_56,m,0,0,0,LUA_MENU_MP_RIG_SUPPLY_DROP_UNLOCK_DESC,0,mp_warfighter_head_1_1,archetype_assault,icon_new_3,head_171,LUA_MENU_MP_QUARTERMASTER,,,loot,,171,1
172,mp_warfighter_head_4_1_dupe2,LUA_MENU_CAMO_98,m,0,0,0,LUA_MENU_MP_RIG_SUPPLY_DROP_UNLOCK_DESC,0,mp_warfighter_head_1_1,archetype_assault,icon_new_3,head_172,LUA_MENU_MP_QUARTERMASTER,,,loot,,172,1
173,mp_warfighter_head_4_1_dupe3,LUA_MENU_CAMO_130,m,0,0,0,LUA_MENU_MP_RIG_SUPPLY_DROP_UNLOCK_DESC,0,mp_warfighter_head_1_1,archetype_assault,icon_new_3,head_173,LUA_MENU_MP_QUARTERMASTER,,,loot,,173,1
174,mp_warfighter_head_4_1_dupe4,LUA_MENU_CAMO_132,m,0,0,0,LUA_MENU_MP_RIG_SUPPLY_DROP_UNLOCK_DESC,0,mp_warfighter_head_1_1,archetype_assault,icon_new_3,head_174,LUA_MENU_MP_QUARTERMASTER,,,loot,,174,1
175,mp_warfighter_head_5_1_dupe1,LUA_MENU_CAMO_58,m,0,0,0,LUA_MENU_MP_RIG_SUPPLY_DROP_UNLOCK_DESC,0,mp_warfighter_head_1_1,archetype_assault,icon_new_3,head_175,LUA_MENU_MP_QUARTERMASTER,,,loot,,175,1
176,mp_warfighter_head_5_1_dupe2,LUA_MENU_CAMO_137,m,0,0,0,LUA_MENU_MP_RIG_SUPPLY_DROP_UNLOCK_DESC,0,mp_warfighter_head_1_1,archetype_assault,icon_new_3,head_176,LUA_MENU_MP_QUARTERMASTER,,,loot,,176,1
177,mp_warfighter_head_5_1_dupe3,LUA_MENU_CAMO_139,m,0,0,0,LUA_MENU_MP_RIG_SUPPLY_DROP_UNLOCK_DESC,0,mp_warfighter_head_1_1,archetype_assault,icon_new_3,head_177,LUA_MENU_MP_QUARTERMASTER,,,loot,,177,1
178,mp_warfighter_head_5_1_dupe4,LUA_MENU_CAMO_187,m,0,0,0,LUA_MENU_MP_RIG_SUPPLY_DROP_UNLOCK_DESC,0,mp_warfighter_head_1_1,archetype_assault,icon_new_3,head_178,LUA_MENU_MP_QUARTERMASTER,,,loot,,178,1
179,mp_warfighter_head_6_1_dupe1,LUA_MENU_CAMO_59,m,0,0,0,LUA_MENU_MP_RIG_SUPPLY_DROP_UNLOCK_DESC,0,mp_warfighter_head_1_1,archetype_assault,icon_new_3,head_179,LUA_MENU_MP_QUARTERMASTER,,,loot,,179,1
180,mp_warfighter_head_6_1_dupe2,LUA_MENU_CAMO_70,m,0,0,0,LUA_MENU_MP_RIG_SUPPLY_DROP_UNLOCK_DESC,0,mp_warfighter_head_1_1,archetype_assault,icon_new_3,head_180,LUA_MENU_MP_QUARTERMASTER,,,loot,,180,1
181,mp_head_heavy_1_1_dupe1,LUA_MENU_CAMO_70,m,0,0,0,LUA_MENU_MP_RIG_SUPPLY_DROP_UNLOCK_DESC,0,mp_head_heavy_1_1,archetype_heavy,icon_new_3,head_181,LUA_MENU_MP_QUARTERMASTER,,,loot,,181,1
182,mp_head_heavy_1_1_dupe2,LUA_MENU_CAMO_57,m,0,0,0,LUA_MENU_MP_RIG_SUPPLY_DROP_UNLOCK_DESC,0,mp_head_heavy_1_1,archetype_heavy,icon_new_3,head_182,LUA_MENU_MP_QUARTERMASTER,,,loot,,182,1
183,mp_head_heavy_1_1_dupe3,LUA_MENU_CAMO_21,m,0,0,0,LUA_MENU_MP_RIG_SUPPLY_DROP_UNLOCK_DESC,0,mp_head_heavy_1_1,archetype_heavy,icon_new_3,head_183,LUA_MENU_MP_QUARTERMASTER,,,loot,,183,1
184,mp_head_heavy_1_1_dupe4,LUA_MENU_CAMO_49,m,0,0,0,LUA_MENU_MP_RIG_SUPPLY_DROP_UNLOCK_DESC,0,mp_head_heavy_1_1,archetype_heavy,icon_new_3,head_184,LUA_MENU_MP_QUARTERMASTER,,,loot,,184,1
185,mp_head_heavy_2_1_dupe1,LUA_MENU_CAMO_12,m,0,0,0,LUA_MENU_MP_RIG_SUPPLY_DROP_UNLOCK_DESC,0,mp_head_heavy_1_1,archetype_heavy,icon_new_3,head_185,LUA_MENU_MP_QUARTERMASTER,,,loot,,185,1
186,mp_head_heavy_2_1_dupe2,LUA_MENU_CAMO_02,m,0,0,0,LUA_MENU_MP_RIG_SUPPLY_DROP_UNLOCK_DESC,0,mp_head_heavy_1_1,archetype_heavy,icon_new_3,head_186,LUA_MENU_MP_QUARTERMASTER,,,loot,,186,1
187,mp_head_heavy_2_1_dupe3,LUA_MENU_CAMO_47,m,0,0,0,LUA_MENU_MP_RIG_SUPPLY_DROP_UNLOCK_DESC,0,mp_head_heavy_1_1,archetype_heavy,icon_new_3,head_187,LUA_MENU_MP_QUARTERMASTER,,,loot,,187,1
188,mp_head_heavy_2_1_dupe4,LUA_MENU_CAMO_18,m,0,0,0,LUA_MENU_MP_RIG_SUPPLY_DROP_UNLOCK_DESC,0,mp_head_heavy_1_1,archetype_heavy,icon_new_3,head_188,LUA_MENU_MP_QUARTERMASTER,,,loot,,188,1
189,mp_head_heavy_3_1_dupe1,LUA_MENU_CAMO_56,m,0,0,0,LUA_MENU_MP_RIG_SUPPLY_DROP_UNLOCK_DESC,0,mp_head_heavy_1_1,archetype_heavy,icon_new_3,head_189,LUA_MENU_MP_QUARTERMASTER,,,loot,,189,1
190,mp_head_heavy_3_1_dupe2,LUA_MENU_CAMO_43,m,0,0,0,LUA_MENU_MP_RIG_SUPPLY_DROP_UNLOCK_DESC,0,mp_head_heavy_1_1,archetype_heavy,icon_new_3,head_190,LUA_MENU_MP_QUARTERMASTER,,,loot,,190,1
191,mp_head_heavy_3_1_dupe3,LUA_MENU_CAMO_04,m,0,0,0,LUA_MENU_MP_RIG_SUPPLY_DROP_UNLOCK_DESC,0,mp_head_heavy_1_1,archetype_heavy,icon_new_3,head_191,LUA_MENU_MP_QUARTERMASTER,,,loot,,191,1
192,mp_head_heavy_3_1_dupe4,LUA_MENU_CAMO_191,m,0,0,0,LUA_MENU_MP_RIG_SUPPLY_DROP_UNLOCK_DESC,0,mp_head_heavy_1_1,archetype_heavy,icon_new_3,head_192,LUA_MENU_MP_QUARTERMASTER,,,loot,,192,1
193,mp_head_heavy_4_1_dupe1,LUA_MENU_CAMO_80,m,0,0,0,LUA_MENU_MP_RIG_SUPPLY_DROP_UNLOCK_DESC,0,mp_head_heavy_1_1,archetype_heavy,icon_new_3,head_193,LUA_MENU_MP_QUARTERMASTER,,,loot,,193,1
194,mp_head_heavy_4_1_dupe2,LUA_MENU_CAMO_194,m,0,0,0,LUA_MENU_MP_RIG_SUPPLY_DROP_UNLOCK_DESC,0,mp_head_heavy_1_1,archetype_heavy,icon_new_3,head_194,LUA_MENU_MP_QUARTERMASTER,,,loot,,194,1
195,mp_head_heavy_4_1_dupe3,LUA_MENU_CAMO_207,m,0,0,0,LUA_MENU_MP_RIG_SUPPLY_DROP_UNLOCK_DESC,0,mp_head_heavy_1_1,archetype_heavy,icon_new_3,head_195,LUA_MENU_MP_QUARTERMASTER,,,loot,,195,1
196,mp_head_heavy_4_1_dupe4,LUA_MENU_CAMO_209,m,0,0,0,LUA_MENU_MP_RIG_SUPPLY_DROP_UNLOCK_DESC,0,mp_head_heavy_1_1,archetype_heavy,icon_new_3,head_196,LUA_MENU_MP_QUARTERMASTER,,,loot,,196,1
197,mp_head_heavy_5_1_dupe1,LUA_MENU_CAMO_58,m,0,0,0,LUA_MENU_MP_RIG_SUPPLY_DROP_UNLOCK_DESC,0,mp_head_heavy_1_1,archetype_heavy,icon_new_3,head_197,LUA_MENU_MP_QUARTERMASTER,,,loot,,197,1
198,mp_head_heavy_5_1_dupe2,LUA_MENU_CAMO_200,m,0,0,0,LUA_MENU_MP_RIG_SUPPLY_DROP_UNLOCK_DESC,0,mp_head_heavy_1_1,archetype_heavy,icon_new_3,head_198,LUA_MENU_MP_QUARTERMASTER,,,loot,,198,1
199,mp_head_heavy_5_1_dupe3,LUA_MENU_CAMO_20,m,0,0,0,LUA_MENU_MP_RIG_SUPPLY_DROP_UNLOCK_DESC,0,mp_head_heavy_1_1,archetype_heavy,icon_new_3,head_199,LUA_MENU_MP_QUARTERMASTER,,,loot,,199,1
200,mp_head_heavy_5_1_dupe4,LUA_MENU_CAMO_11,m,0,0,0,LUA_MENU_MP_RIG_SUPPLY_DROP_UNLOCK_DESC,0,mp_head_heavy_1_1,archetype_heavy,icon_new_3,head_200,LUA_MENU_MP_QUARTERMASTER,,,loot,,200,1
201,mp_head_heavy_6_1_dupe1,LUA_MENU_CAMO_62,m,0,0,0,LUA_MENU_MP_RIG_SUPPLY_DROP_UNLOCK_DESC,0,mp_head_heavy_1_1,archetype_heavy,icon_new_3,head_201,LUA_MENU_MP_QUARTERMASTER,,,loot,,201,1
202,mp_head_heavy_6_1_dupe2,LUA_MENU_CAMO_196,m,0,0,0,LUA_MENU_MP_RIG_SUPPLY_DROP_UNLOCK_DESC,0,mp_head_heavy_1_1,archetype_heavy,icon_new_3,head_202,LUA_MENU_MP_QUARTERMASTER,,,loot,,202,1
203,mp_synaptic_head_1_1_dupe1,LUA_MENU_CAMO_40,m,0,0,0,LUA_MENU_MP_RIG_SUPPLY_DROP_UNLOCK_DESC,0,mp_synaptic_head_1_1,archetype_scout,icon_new_3,head_203,LUA_MENU_MP_QUARTERMASTER,,,loot,,203,1
204,mp_synaptic_head_1_1_dupe2,LUA_MENU_CAMO_124,m,0,0,0,LUA_MENU_MP_RIG_SUPPLY_DROP_UNLOCK_DESC,0,mp_synaptic_head_1_1,archetype_scout,icon_new_3,head_204,LUA_MENU_MP_QUARTERMASTER,,,loot,,204,1
205,mp_synaptic_head_1_1_dupe3,LUA_MENU_CAMO_149,m,0,0,0,LUA_MENU_MP_RIG_SUPPLY_DROP_UNLOCK_DESC,0,mp_synaptic_head_1_1,archetype_scout,icon_new_3,head_205,LUA_MENU_MP_QUARTERMASTER,,,loot,,205,1
206,mp_synaptic_head_2_1_dupe1,LUA_MENU_CAMO_71,m,0,0,0,LUA_MENU_MP_RIG_SUPPLY_DROP_UNLOCK_DESC,0,mp_synaptic_head_1_1,archetype_scout,icon_new_3,head_206,LUA_MENU_MP_QUARTERMASTER,,,loot,,206,1
207,mp_synaptic_head_2_1_dupe2,LUA_MENU_CAMO_76,m,0,0,0,LUA_MENU_MP_RIG_SUPPLY_DROP_UNLOCK_DESC,0,mp_synaptic_head_1_1,archetype_scout,icon_new_3,head_207,LUA_MENU_MP_QUARTERMASTER,,,loot,,207,1
208,mp_synaptic_head_2_1_dupe3,LUA_MENU_CAMO_77,m,0,0,0,LUA_MENU_MP_RIG_SUPPLY_DROP_UNLOCK_DESC,0,mp_synaptic_head_1_1,archetype_scout,icon_new_3,head_208,LUA_MENU_MP_QUARTERMASTER,,,loot,,208,1
209,mp_synaptic_head_2_1_dupe4,LUA_MENU_CAMO_186,m,0,0,0,LUA_MENU_MP_RIG_SUPPLY_DROP_UNLOCK_DESC,0,mp_synaptic_head_1_1,archetype_scout,icon_new_3,head_209,LUA_MENU_MP_QUARTERMASTER,,,loot,,209,1
210,mp_synaptic_head_3_1_dupe1,LUA_MENU_CAMO_12,m,0,0,0,LUA_MENU_MP_RIG_SUPPLY_DROP_UNLOCK_DESC,0,mp_synaptic_head_1_1,archetype_scout,icon_new_3,head_210,LUA_MENU_MP_QUARTERMASTER,,,loot,,210,1
211,mp_synaptic_head_3_1_dupe2,LUA_MENU_CAMO_15,m,0,0,0,LUA_MENU_MP_RIG_SUPPLY_DROP_UNLOCK_DESC,0,mp_synaptic_head_1_1,archetype_scout,icon_new_3,head_211,LUA_MENU_MP_QUARTERMASTER,,,loot,,211,1
212,mp_synaptic_head_3_1_dupe3,LUA_MENU_CAMO_33,m,0,0,0,LUA_MENU_MP_RIG_SUPPLY_DROP_UNLOCK_DESC,0,mp_synaptic_head_1_1,archetype_scout,icon_new_3,head_212,LUA_MENU_MP_QUARTERMASTER,,,loot,,212,1
213,mp_synaptic_head_3_1_dupe4,LUA_MENU_CAMO_147,m,0,0,0,LUA_MENU_MP_RIG_SUPPLY_DROP_UNLOCK_DESC,0,mp_synaptic_head_1_1,archetype_scout,icon_new_3,head_213,LUA_MENU_MP_QUARTERMASTER,,,loot,,213,1
214,mp_synaptic_head_4_1_dupe1,LUA_MENU_CAMO_56,m,0,0,0,LUA_MENU_MP_RIG_SUPPLY_DROP_UNLOCK_DESC,0,mp_synaptic_head_1_1,archetype_scout,icon_new_3,head_214,LUA_MENU_MP_QUARTERMASTER,,,loot,,214,1
215,mp_synaptic_head_4_1_dupe2,LUA_MENU_CAMO_98,m,0,0,0,LUA_MENU_MP_RIG_SUPPLY_DROP_UNLOCK_DESC,0,mp_synaptic_head_1_1,archetype_scout,icon_new_3,head_215,LUA_MENU_MP_QUARTERMASTER,,,loot,,215,1
216,mp_synaptic_head_4_1_dupe3,LUA_MENU_CAMO_130,m,0,0,0,LUA_MENU_MP_RIG_SUPPLY_DROP_UNLOCK_DESC,0,mp_synaptic_head_1_1,archetype_scout,icon_new_3,head_216,LUA_MENU_MP_QUARTERMASTER,,,loot,,216,1
217,mp_synaptic_head_4_1_dupe4,LUA_MENU_CAMO_132,m,0,0,0,LUA_MENU_MP_RIG_SUPPLY_DROP_UNLOCK_DESC,0,mp_synaptic_head_1_1,archetype_scout,icon_new_3,head_217,LUA_MENU_MP_QUARTERMASTER,,,loot,,217,1
218,mp_synaptic_head_5_1_dupe1,LUA_MENU_CAMO_58,m,0,0,0,LUA_MENU_MP_RIG_SUPPLY_DROP_UNLOCK_DESC,0,mp_synaptic_head_1_1,archetype_scout,icon_new_3,head_218,LUA_MENU_MP_QUARTERMASTER,,,loot,,218,1
219,mp_synaptic_head_5_1_dupe2,LUA_MENU_CAMO_137,m,0,0,0,LUA_MENU_MP_RIG_SUPPLY_DROP_UNLOCK_DESC,0,mp_synaptic_head_1_1,archetype_scout,icon_new_3,head_219,LUA_MENU_MP_QUARTERMASTER,,,loot,,219,1
220,mp_synaptic_head_5_1_dupe3,LUA_MENU_CAMO_139,m,0,0,0,LUA_MENU_MP_RIG_SUPPLY_DROP_UNLOCK_DESC,0,mp_synaptic_head_1_1,archetype_scout,icon_new_3,head_220,LUA_MENU_MP_QUARTERMASTER,,,loot,,220,1
221,mp_synaptic_head_5_1_dupe4,LUA_MENU_CAMO_187,m,0,0,0,LUA_MENU_MP_RIG_SUPPLY_DROP_UNLOCK_DESC,0,mp_synaptic_head_1_1,archetype_scout,icon_new_3,head_221,LUA_MENU_MP_QUARTERMASTER,,,loot,,221,1
222,mp_synaptic_head_6_1_dupe1,LUA_MENU_CAMO_59,m,0,0,0,LUA_MENU_MP_RIG_SUPPLY_DROP_UNLOCK_DESC,0,mp_synaptic_head_1_1,archetype_scout,icon_new_3,head_222,LUA_MENU_MP_QUARTERMASTER,,,loot,,222,1
223,mp_synaptic_head_6_1_dupe2,LUA_MENU_CAMO_70,m,0,0,0,LUA_MENU_MP_RIG_SUPPLY_DROP_UNLOCK_DESC,0,mp_synaptic_head_1_1,archetype_scout,icon_new_3,head_223,LUA_MENU_MP_QUARTERMASTER,,,loot,,223,1
224,mp_ftl_head_1_1_dupe1,LUA_MENU_CAMO_40,m,0,0,0,LUA_MENU_MP_RIG_SUPPLY_DROP_UNLOCK_DESC,0,mp_ftl_head_5_1,archetype_assassin,icon_new_3,head_224,LUA_MENU_MP_QUARTERMASTER,,,loot,,224,1
225,mp_ftl_head_1_1_dupe2,LUA_MENU_CAMO_124,m,0,0,0,LUA_MENU_MP_RIG_SUPPLY_DROP_UNLOCK_DESC,0,mp_ftl_head_5_1,archetype_assassin,icon_new_3,head_225,LUA_MENU_MP_QUARTERMASTER,,,loot,,225,1
226,mp_ftl_head_1_1_dupe3,LUA_MENU_CAMO_149,m,0,0,0,LUA_MENU_MP_RIG_SUPPLY_DROP_UNLOCK_DESC,0,mp_ftl_head_5_1,archetype_assassin,icon_new_3,head_226,LUA_MENU_MP_QUARTERMASTER,,,loot,,226,1
227,mp_ftl_head_2_1_dupe1,LUA_MENU_CAMO_71,m,0,0,0,LUA_MENU_MP_RIG_SUPPLY_DROP_UNLOCK_DESC,0,mp_ftl_head_5_1,archetype_assassin,icon_new_3,head_227,LUA_MENU_MP_QUARTERMASTER,,,loot,,227,1
228,mp_ftl_head_2_1_dupe2,LUA_MENU_CAMO_76,m,0,0,0,LUA_MENU_MP_RIG_SUPPLY_DROP_UNLOCK_DESC,0,mp_ftl_head_5_1,archetype_assassin,icon_new_3,head_228,LUA_MENU_MP_QUARTERMASTER,,,loot,,228,1
229,mp_ftl_head_2_1_dupe3,LUA_MENU_CAMO_77,m,0,0,0,LUA_MENU_MP_RIG_SUPPLY_DROP_UNLOCK_DESC,0,mp_ftl_head_5_1,archetype_assassin,icon_new_3,head_229,LUA_MENU_MP_QUARTERMASTER,,,loot,,229,1
230,mp_ftl_head_2_1_dupe4,LUA_MENU_CAMO_186,m,0,0,0,LUA_MENU_MP_RIG_SUPPLY_DROP_UNLOCK_DESC,0,mp_ftl_head_5_1,archetype_assassin,icon_new_3,head_230,LUA_MENU_MP_QUARTERMASTER,,,loot,,230,1
231,mp_ftl_head_3_1_dupe1,LUA_MENU_CAMO_12,m,0,0,0,LUA_MENU_MP_RIG_SUPPLY_DROP_UNLOCK_DESC,0,mp_ftl_head_5_1,archetype_assassin,icon_new_3,head_231,LUA_MENU_MP_QUARTERMASTER,,,loot,,231,1
232,mp_ftl_head_3_1_dupe2,LUA_MENU_CAMO_15,m,0,0,0,LUA_MENU_MP_RIG_SUPPLY_DROP_UNLOCK_DESC,0,mp_ftl_head_5_1,archetype_assassin,icon_new_3,head_232,LUA_MENU_MP_QUARTERMASTER,,,loot,,232,1
233,mp_ftl_head_3_1_dupe3,LUA_MENU_CAMO_33,m,0,0,0,LUA_MENU_MP_RIG_SUPPLY_DROP_UNLOCK_DESC,0,mp_ftl_head_5_1,archetype_assassin,icon_new_3,head_233,LUA_MENU_MP_QUARTERMASTER,,,loot,,233,1
234,mp_ftl_head_3_1_dupe4,LUA_MENU_CAMO_147,m,0,0,0,LUA_MENU_MP_RIG_SUPPLY_DROP_UNLOCK_DESC,0,mp_ftl_head_5_1,archetype_assassin,icon_new_3,head_234,LUA_MENU_MP_QUARTERMASTER,,,loot,,234,1
235,mp_ftl_head_4_1_dupe1,LUA_MENU_CAMO_56,m,0,0,0,LUA_MENU_MP_RIG_SUPPLY_DROP_UNLOCK_DESC,0,mp_ftl_head_5_1,archetype_assassin,icon_new_3,head_235,LUA_MENU_MP_QUARTERMASTER,,,loot,,235,1
236,mp_ftl_head_4_1_dupe2,LUA_MENU_CAMO_98,m,0,0,0,LUA_MENU_MP_RIG_SUPPLY_DROP_UNLOCK_DESC,0,mp_ftl_head_5_1,archetype_assassin,icon_new_3,head_236,LUA_MENU_MP_QUARTERMASTER,,,loot,,236,1
237,mp_ftl_head_4_1_dupe3,LUA_MENU_CAMO_130,m,0,0,0,LUA_MENU_MP_RIG_SUPPLY_DROP_UNLOCK_DESC,0,mp_ftl_head_5_1,archetype_assassin,icon_new_3,head_237,LUA_MENU_MP_QUARTERMASTER,,,loot,,237,1
238,mp_ftl_head_4_1_dupe4,LUA_MENU_CAMO_132,m,0,0,0,LUA_MENU_MP_RIG_SUPPLY_DROP_UNLOCK_DESC,0,mp_ftl_head_5_1,archetype_assassin,icon_new_3,head_238,LUA_MENU_MP_QUARTERMASTER,,,loot,,238,1
239,mp_ftl_head_5_1_dupe1,LUA_MENU_CAMO_58,m,0,0,0,LUA_MENU_MP_RIG_SUPPLY_DROP_UNLOCK_DESC,0,mp_ftl_head_5_1,archetype_assassin,icon_new_3,head_239,LUA_MENU_MP_QUARTERMASTER,,,loot,,239,1
240,mp_ftl_head_5_1_dupe2,LUA_MENU_CAMO_137,m,0,0,0,LUA_MENU_MP_RIG_SUPPLY_DROP_UNLOCK_DESC,0,mp_ftl_head_5_1,archetype_assassin,icon_new_3,head_240,LUA_MENU_MP_QUARTERMASTER,,,loot,,240,1
241,mp_ftl_head_5_1_dupe3,LUA_MENU_CAMO_139,m,0,0,0,LUA_MENU_MP_RIG_SUPPLY_DROP_UNLOCK_DESC,0,mp_ftl_head_5_1,archetype_assassin,icon_new_3,head_241,LUA_MENU_MP_QUARTERMASTER,,,loot,,241,1
242,mp_ftl_head_5_1_dupe4,LUA_MENU_CAMO_187,m,0,0,0,LUA_MENU_MP_RIG_SUPPLY_DROP_UNLOCK_DESC,0,mp_ftl_head_5_1,archetype_assassin,icon_new_3,head_242,LUA_MENU_MP_QUARTERMASTER,,,loot,,242,1
243,mp_ftl_head_6_1_dupe1,LUA_MENU_CAMO_59,m,0,0,0,LUA_MENU_MP_RIG_SUPPLY_DROP_UNLOCK_DESC,0,mp_ftl_head_5_1,archetype_assassin,icon_new_3,head_243,LUA_MENU_MP_QUARTERMASTER,,,loot,,243,1
244,mp_ftl_head_6_1_dupe2,LUA_MENU_CAMO_70,m,0,0,0,LUA_MENU_MP_RIG_SUPPLY_DROP_UNLOCK_DESC,0,mp_ftl_head_5_1,archetype_assassin,icon_new_3,head_244,LUA_MENU_MP_QUARTERMASTER,,,loot,,244,1
245,mp_stryker_head_1_1_dupe1,LUA_MENU_CAMO_40,m,0,0,0,LUA_MENU_MP_RIG_SUPPLY_DROP_UNLOCK_DESC,0,mp_stryker_head_3_1,archetype_engineer,icon_new_3,head_245,LUA_MENU_MP_QUARTERMASTER,,,loot,,245,1
246,mp_stryker_head_1_1_dupe2,LUA_MENU_CAMO_124,m,0,0,0,LUA_MENU_MP_RIG_SUPPLY_DROP_UNLOCK_DESC,0,mp_stryker_head_3_1,archetype_engineer,icon_new_3,head_246,LUA_MENU_MP_QUARTERMASTER,,,loot,,246,1
247,mp_stryker_head_1_1_dupe3,LUA_MENU_CAMO_149,m,0,0,0,LUA_MENU_MP_RIG_SUPPLY_DROP_UNLOCK_DESC,0,mp_stryker_head_3_1,archetype_engineer,icon_new_3,head_247,LUA_MENU_MP_QUARTERMASTER,,,loot,,247,1
248,mp_stryker_head_2_1_dupe1,LUA_MENU_CAMO_71,m,0,0,0,LUA_MENU_MP_RIG_SUPPLY_DROP_UNLOCK_DESC,0,mp_stryker_head_3_1,archetype_engineer,icon_new_3,head_248,LUA_MENU_MP_QUARTERMASTER,,,loot,,248,1
249,mp_stryker_head_2_1_dupe2,LUA_MENU_CAMO_76,m,0,0,0,LUA_MENU_MP_RIG_SUPPLY_DROP_UNLOCK_DESC,0,mp_stryker_head_3_1,archetype_engineer,icon_new_3,head_249,LUA_MENU_MP_QUARTERMASTER,,,loot,,249,1
250,mp_stryker_head_2_1_dupe3,LUA_MENU_CAMO_77,m,0,0,0,LUA_MENU_MP_RIG_SUPPLY_DROP_UNLOCK_DESC,0,mp_stryker_head_3_1,archetype_engineer,icon_new_3,head_250,LUA_MENU_MP_QUARTERMASTER,,,loot,,250,1
251,mp_stryker_head_2_1_dupe4,LUA_MENU_CAMO_186,m,0,0,0,LUA_MENU_MP_RIG_SUPPLY_DROP_UNLOCK_DESC,0,mp_stryker_head_3_1,archetype_engineer,icon_new_3,head_251,LUA_MENU_MP_QUARTERMASTER,,,loot,,251,1
252,mp_stryker_head_3_1_dupe1,LUA_MENU_CAMO_12,m,0,0,0,LUA_MENU_MP_RIG_SUPPLY_DROP_UNLOCK_DESC,0,mp_stryker_head_3_1,archetype_engineer,icon_new_3,head_252,LUA_MENU_MP_QUARTERMASTER,,,loot,,252,1
253,mp_stryker_head_3_1_dupe2,LUA_MENU_CAMO_15,m,0,0,0,LUA_MENU_MP_RIG_SUPPLY_DROP_UNLOCK_DESC,0,mp_stryker_head_3_1,archetype_engineer,icon_new_3,head_253,LUA_MENU_MP_QUARTERMASTER,,,loot,,253,1
254,mp_stryker_head_3_1_dupe3,LUA_MENU_CAMO_33,m,0,0,0,LUA_MENU_MP_RIG_SUPPLY_DROP_UNLOCK_DESC,0,mp_stryker_head_3_1,archetype_engineer,icon_new_3,head_254,LUA_MENU_MP_QUARTERMASTER,,,loot,,254,1
255,mp_stryker_head_3_1_dupe4,LUA_MENU_CAMO_147,m,0,0,0,LUA_MENU_MP_RIG_SUPPLY_DROP_UNLOCK_DESC,0,mp_stryker_head_3_1,archetype_engineer,icon_new_3,head_255,LUA_MENU_MP_QUARTERMASTER,,,loot,,255,1
256,mp_stryker_head_4_1_dupe1,LUA_MENU_CAMO_56,m,0,0,0,LUA_MENU_MP_RIG_SUPPLY_DROP_UNLOCK_DESC,0,mp_stryker_head_3_1,archetype_engineer,icon_new_3,head_256,LUA_MENU_MP_QUARTERMASTER,,,loot,,256,1
257,mp_stryker_head_4_1_dupe2,LUA_MENU_CAMO_98,m,0,0,0,LUA_MENU_MP_RIG_SUPPLY_DROP_UNLOCK_DESC,0,mp_stryker_head_3_1,archetype_engineer,icon_new_3,head_257,LUA_MENU_MP_QUARTERMASTER,,,loot,,257,1
258,mp_stryker_head_4_1_dupe3,LUA_MENU_CAMO_130,m,0,0,0,LUA_MENU_MP_RIG_SUPPLY_DROP_UNLOCK_DESC,0,mp_stryker_head_3_1,archetype_engineer,icon_new_3,head_258,LUA_MENU_MP_QUARTERMASTER,,,loot,,258,1
259,mp_stryker_head_4_1_dupe4,LUA_MENU_CAMO_132,m,0,0,0,LUA_MENU_MP_RIG_SUPPLY_DROP_UNLOCK_DESC,0,mp_stryker_head_3_1,archetype_engineer,icon_new_3,head_259,LUA_MENU_MP_QUARTERMASTER,,,loot,,259,1
260,mp_stryker_head_5_1_dupe1,LUA_MENU_CAMO_58,m,0,0,0,LUA_MENU_MP_RIG_SUPPLY_DROP_UNLOCK_DESC,0,mp_stryker_head_3_1,archetype_engineer,icon_new_3,head_260,LUA_MENU_MP_QUARTERMASTER,,,loot,,260,1
261,mp_stryker_head_5_1_dupe2,LUA_MENU_CAMO_137,m,0,0,0,LUA_MENU_MP_RIG_SUPPLY_DROP_UNLOCK_DESC,0,mp_stryker_head_3_1,archetype_engineer,icon_new_3,head_261,LUA_MENU_MP_QUARTERMASTER,,,loot,,261,1
262,mp_stryker_head_5_1_dupe3,LUA_MENU_CAMO_139,m,0,0,0,LUA_MENU_MP_RIG_SUPPLY_DROP_UNLOCK_DESC,0,mp_stryker_head_3_1,archetype_engineer,icon_new_3,head_262,LUA_MENU_MP_QUARTERMASTER,,,loot,,262,1
263,mp_stryker_head_5_1_dupe4,LUA_MENU_CAMO_187,m,0,0,0,LUA_MENU_MP_RIG_SUPPLY_DROP_UNLOCK_DESC,0,mp_stryker_head_3_1,archetype_engineer,icon_new_3,head_263,LUA_MENU_MP_QUARTERMASTER,,,loot,,263,1
264,mp_stryker_head_6_1_dupe1,LUA_MENU_CAMO_59,m,0,0,0,LUA_MENU_MP_RIG_SUPPLY_DROP_UNLOCK_DESC,0,mp_stryker_head_3_1,archetype_engineer,icon_new_3,head_264,LUA_MENU_MP_QUARTERMASTER,,,loot,,264,1
265,mp_stryker_head_6_1_dupe2,LUA_MENU_CAMO_70,m,0,0,0,LUA_MENU_MP_RIG_SUPPLY_DROP_UNLOCK_DESC,0,mp_stryker_head_3_1,archetype_engineer,icon_new_3,head_265,LUA_MENU_MP_QUARTERMASTER,,,loot,,265,1
266,mp_ghost_head_1_1_dupe1,LUA_MENU_CAMO_40,m,0,0,0,LUA_MENU_MP_RIG_SUPPLY_DROP_UNLOCK_DESC,0,mp_ghost_head_1_1,archetype_sniper,icon_new_3,head_266,LUA_MENU_MP_QUARTERMASTER,,,loot,,266,1
267,mp_ghost_head_1_1_dupe2,LUA_MENU_CAMO_124,m,0,0,0,LUA_MENU_MP_RIG_SUPPLY_DROP_UNLOCK_DESC,0,mp_ghost_head_1_1,archetype_sniper,icon_new_3,head_267,LUA_MENU_MP_QUARTERMASTER,,,loot,,267,1
268,mp_ghost_head_1_1_dupe3,LUA_MENU_CAMO_149,m,0,0,0,LUA_MENU_MP_RIG_SUPPLY_DROP_UNLOCK_DESC,0,mp_ghost_head_1_1,archetype_sniper,icon_new_3,head_268,LUA_MENU_MP_QUARTERMASTER,,,loot,,268,1
269,mp_ghost_head_2_1_dupe1,LUA_MENU_CAMO_71,m,0,0,0,LUA_MENU_MP_RIG_SUPPLY_DROP_UNLOCK_DESC,0,mp_ghost_head_1_1,archetype_sniper,icon_new_3,head_269,LUA_MENU_MP_QUARTERMASTER,,,loot,,269,1
270,mp_ghost_head_2_1_dupe2,LUA_MENU_CAMO_76,m,0,0,0,LUA_MENU_MP_RIG_SUPPLY_DROP_UNLOCK_DESC,0,mp_ghost_head_1_1,archetype_sniper,icon_new_3,head_270,LUA_MENU_MP_QUARTERMASTER,,,loot,,270,1
271,mp_ghost_head_2_1_dupe3,LUA_MENU_CAMO_77,m,0,0,0,LUA_MENU_MP_RIG_SUPPLY_DROP_UNLOCK_DESC,0,mp_ghost_head_1_1,archetype_sniper,icon_new_3,head_271,LUA_MENU_MP_QUARTERMASTER,,,loot,,271,1
272,mp_ghost_head_2_1_dupe4,LUA_MENU_CAMO_186,m,0,0,0,LUA_MENU_MP_RIG_SUPPLY_DROP_UNLOCK_DESC,0,mp_ghost_head_1_1,archetype_sniper,icon_new_3,head_272,LUA_MENU_MP_QUARTERMASTER,,,loot,,272,1
273,mp_ghost_head_3_1_dupe1,LUA_MENU_CAMO_12,m,0,0,0,LUA_MENU_MP_RIG_SUPPLY_DROP_UNLOCK_DESC,0,mp_ghost_head_1_1,archetype_sniper,icon_new_3,head_273,LUA_MENU_MP_QUARTERMASTER,,,loot,,273,1
274,mp_ghost_head_3_1_dupe2,LUA_MENU_CAMO_15,m,0,0,0,LUA_MENU_MP_RIG_SUPPLY_DROP_UNLOCK_DESC,0,mp_ghost_head_1_1,archetype_sniper,icon_new_3,head_274,LUA_MENU_MP_QUARTERMASTER,,,loot,,274,1
275,mp_ghost_head_3_1_dupe3,LUA_MENU_CAMO_33,m,0,0,0,LUA_MENU_MP_RIG_SUPPLY_DROP_UNLOCK_DESC,0,mp_ghost_head_1_1,archetype_sniper,icon_new_3,head_275,LUA_MENU_MP_QUARTERMASTER,,,loot,,275,1
276,mp_ghost_head_3_1_dupe4,LUA_MENU_CAMO_147,m,0,0,0,LUA_MENU_MP_RIG_SUPPLY_DROP_UNLOCK_DESC,0,mp_ghost_head_1_1,archetype_sniper,icon_new_3,head_276,LUA_MENU_MP_QUARTERMASTER,,,loot,,276,1
277,mp_ghost_head_4_1_dupe1,LUA_MENU_CAMO_56,m,0,0,0,LUA_MENU_MP_RIG_SUPPLY_DROP_UNLOCK_DESC,0,mp_ghost_head_1_1,archetype_sniper,icon_new_3,head_277,LUA_MENU_MP_QUARTERMASTER,,,loot,,277,1
278,mp_ghost_head_4_1_dupe2,LUA_MENU_CAMO_98,m,0,0,0,LUA_MENU_MP_RIG_SUPPLY_DROP_UNLOCK_DESC,0,mp_ghost_head_1_1,archetype_sniper,icon_new_3,head_278,LUA_MENU_MP_QUARTERMASTER,,,loot,,278,1
279,mp_ghost_head_4_1_dupe3,LUA_MENU_CAMO_130,m,0,0,0,LUA_MENU_MP_RIG_SUPPLY_DROP_UNLOCK_DESC,0,mp_ghost_head_1_1,archetype_sniper,icon_new_3,head_279,LUA_MENU_MP_QUARTERMASTER,,,loot,,279,1
280,mp_ghost_head_4_1_dupe4,LUA_MENU_CAMO_132,m,0,0,0,LUA_MENU_MP_RIG_SUPPLY_DROP_UNLOCK_DESC,0,mp_ghost_head_1_1,archetype_sniper,icon_new_3,head_280,LUA_MENU_MP_QUARTERMASTER,,,loot,,280,1
281,mp_ghost_head_5_1_dupe1,LUA_MENU_CAMO_58,m,0,0,0,LUA_MENU_MP_RIG_SUPPLY_DROP_UNLOCK_DESC,0,mp_ghost_head_1_1,archetype_sniper,icon_new_3,head_281,LUA_MENU_MP_QUARTERMASTER,,,loot,,281,1
282,mp_ghost_head_5_1_dupe2,LUA_MENU_CAMO_137,m,0,0,0,LUA_MENU_MP_RIG_SUPPLY_DROP_UNLOCK_DESC,0,mp_ghost_head_1_1,archetype_sniper,icon_new_3,head_282,LUA_MENU_MP_QUARTERMASTER,,,loot,,282,1
283,mp_ghost_head_5_1_dupe3,LUA_MENU_CAMO_139,m,0,0,0,LUA_MENU_MP_RIG_SUPPLY_DROP_UNLOCK_DESC,0,mp_ghost_head_1_1,archetype_sniper,icon_new_3,head_283,LUA_MENU_MP_QUARTERMASTER,,,loot,,283,1
284,mp_ghost_head_5_1_dupe4,LUA_MENU_CAMO_187,m,0,0,0,LUA_MENU_MP_RIG_SUPPLY_DROP_UNLOCK_DESC,0,mp_ghost_head_1_1,archetype_sniper,icon_new_3,head_284,LUA_MENU_MP_QUARTERMASTER,,,loot,,284,1
285,mp_ghost_head_6_1_dupe1,LUA_MENU_CAMO_59,m,0,0,0,LUA_MENU_MP_RIG_SUPPLY_DROP_UNLOCK_DESC,0,mp_ghost_head_1_1,archetype_sniper,icon_new_3,head_285,LUA_MENU_MP_QUARTERMASTER,,,loot,,285,1
286,mp_ghost_head_6_1_dupe2,LUA_MENU_CAMO_70,m,0,0,0,LUA_MENU_MP_RIG_SUPPLY_DROP_UNLOCK_DESC,0,mp_ghost_head_1_1,archetype_sniper,icon_new_3,head_286,LUA_MENU_MP_QUARTERMASTER,,,loot,,286,1
287,mp_head_heavy_1_blood_anvil,CUSTOMIZE_HEAD_MERC_BLOOD_ANVIL,m,0,0,0,MP_FRONTEND_ONLY_UNLOCKED_VIA_MISSION_TEAMS,0,mp_head_heavy_1_1,archetype_heavy,icon_head_merc_blood_anvil,head_287,MENU_MISSION_TEAMS,,,loot,,287,
288,mp_warfighter_head_8,CUSTOMIZE_HEAD_WARFIGHTER_8,m,0,0,0,LUA_MENU_MP_RIG_SUPPLY_DROP_UNLOCK_DESC,0,mp_warfighter_head_1_1,archetype_assault,icon_head_warfighter8_1,head_288,LUA_MENU_MP_QUARTERMASTER,,,loot,,288,
289,mp_synaptic_head_8,CUSTOMIZE_HEAD_SYNAPTIC_8,m,0,0,0,LUA_MENU_MP_RIG_SUPPLY_DROP_UNLOCK_DESC,0,mp_synaptic_head_1_1,archetype_scout,icon_head_synaptic8_1,head_289,LUA_MENU_MP_QUARTERMASTER,,,loot,,289,
290,mp_head_heavy_7_2,CUSTOMIZE_HEAD_MERC_7_2,m,0,0,0,LUA_MENU_MP_RIG_SUPPLY_DROP_UNLOCK_DESC,0,mp_head_heavy_1_1,archetype_heavy,icon_head_merc7_2,head_290,LUA_MENU_MP_QUARTERMASTER,,,loot,,290,
291,mp_ghost_head_7,CUSTOMIZE_HEAD_GHOST_7,m,0,0,0,LUA_MENU_MP_RIG_SUPPLY_DROP_UNLOCK_DESC,0,mp_ghost_head_1_1,archetype_sniper,icon_head_ghost7_1,head_291,LUA_MENU_MP_QUARTERMASTER,,,loot,,291,
292,mp_ftl_head_8,CUSTOMIZE_HEAD_FTL_8,m,0,0,0,LUA_MENU_MP_RIG_SUPPLY_DROP_UNLOCK_DESC,0,mp_ftl_head_5_1,archetype_assassin,icon_head_ftl8_1,head_292,LUA_MENU_MP_QUARTERMASTER,,,loot,,292,
293,mp_stryker_head_8_1,CUSTOMIZE_HEAD_STRYKER_8_1,m,0,0,0,LUA_MENU_MP_RIG_SUPPLY_DROP_UNLOCK_DESC,0,mp_stryker_head_3_1,archetype_engineer,icon_head_stryker8_1,head_293,LUA_MENU_MP_QUARTERMASTER,,,loot,,293,
294,mp_ftl_head_blood_anvil,CUSTOMIZE_HEAD_FTL_BLOOD_ANVIL,m,0,0,0,MP_FRONTEND_ONLY_UNLOCKED_VIA_MISSION_TEAMS,0,mp_ftl_head_5_1,archetype_assassin,icon_head_ftl_blood_anvil,head_294,MENU_MISSION_TEAMS,,,loot,,294,
295,mp_head_heavy_3_hero,CUSTOMIZE_MERC_HERO,m,0,0,0,LUA_MENU_MP_RIG_SUPPLY_DROP_UNLOCK_DESC,0,mp_head_heavy_1_1,archetype_heavy,icon_head_merc_reyes,head_295,LUA_MENU_MP_QUARTERMASTER,,,unlock,,295,
296,head_hero_mco_mp,CUSTOMIZE_WARFIGHTER_HERO,m,0,0,0,LUA_MENU_MP_RIG_SUPPLY_DROP_UNLOCK_DESC,0,mp_warfighter_head_1_1,archetype_assault,icon_head_warfighter_omar,head_296,LUA_MENU_MP_QUARTERMASTER,,,unlock,,296,
297,head_mp_ghost_ghost,CUSTOMIZE_GHOST_HERO,m,0,0,0,LUA_MENU_MP_RIG_SUPPLY_DROP_UNLOCK_DESC,0,mp_ghost_head_1_1,archetype_sniper,icon_head_ghost_ghost,head_297,LUA_MENU_MP_QUARTERMASTER,,,unlock,,297,
298,mp_ftl_hero_salter_head,CUSTOMIZE_FTL_HERO,m,0,0,0,LUA_MENU_MP_RIG_SUPPLY_DROP_UNLOCK_DESC,0,mp_ftl_head_5_1,archetype_assassin,icon_head_ftl_salter,head_298,LUA_MENU_MP_QUARTERMASTER,,,unlock,,298,
299,head_sc_price,CUSTOMIZE_STRYKER_HERO,m,0,0,0,LUA_MENU_MP_RIG_SUPPLY_DROP_UNLOCK_DESC,0,mp_stryker_head_3_1,archetype_engineer,icon_head_stryker_price,head_299,LUA_MENU_MP_QUARTERMASTER,,,unlock,,299,
300,mp_synaptic_ethan_head,CUSTOMIZE_SYNAPTIC_HERO,m,0,0,0,LUA_MENU_MP_RIG_SUPPLY_DROP_UNLOCK_DESC,0,mp_synaptic_head_1_1,archetype_scout,icon_head_synaptic_ethan,head_300,LUA_MENU_MP_QUARTERMASTER,,,unlock,,300,
301,mp_warfighter_head_champ,CUSTOMIZE_WARFIGHTER_CHAMP,m,0,0,1,LUA_MENU_MP_RIG_SUPPLY_DROP_UNLOCK_DESC,0,mp_warfighter_head_1_1,archetype_assault,icon_head_warfighter_champ,head_301,LUA_MENU_MP_QUARTERMASTER,,,loot,,301,
302,mp_warfighter_head_rare_gold,CUSTOMIZE_RIG_GOLD,m,0,0,0,LUA_MENU_MP_RIG_SUPPLY_DROP_UNLOCK_DESC,0,mp_warfighter_head_1_1,archetype_assault,icon_head_warfighter_gold,head_302,LUA_MENU_MULTIPLAYER_CAPS,ch_gold_rig_assault_head,0,unlock,7,996,
303,mp_warfighter_head_rare_diamond,CUSTOMIZE_RIG_DIAMOND,m,0,0,0,LUA_MENU_MP_RIG_SUPPLY_DROP_UNLOCK_DESC,0,mp_warfighter_head_1_1,archetype_assault,icon_head_warfighter_diamond,head_303,LUA_MENU_MULTIPLAYER_CAPS,ch_diamond_rig_assault,0,unlock,2,997,
304,mp_warfighter_head_rare_solar,CUSTOMIZE_RIG_SOLAR,m,0,0,0,LUA_MENU_MP_RIG_SUPPLY_DROP_UNLOCK_DESC,0,mp_warfighter_head_1_1,archetype_assault,icon_head_warfighter_solar,head_304,LUA_MENU_MULTIPLAYER_CAPS,ch_solar_rig,0,unlock,6,998,
305,mp_warfighter_head_rare_blacksky,CUSTOMIZE_RIG_BLACKSKY,m,0,0,0,LUA_MENU_MP_RIG_SUPPLY_DROP_UNLOCK_DESC,0,mp_warfighter_head_1_1,archetype_assault,icon_head_warfighter_blacksky,head_305,LUA_MENU_MULTIPLAYER_CAPS,ch_uber_camo_rig,0,unlock,1,999,
306,mp_head_heavy_1_rare_gold,CUSTOMIZE_RIG_GOLD,m,0,0,0,LUA_MENU_MP_RIG_SUPPLY_DROP_UNLOCK_DESC,0,mp_head_heavy_1_1,archetype_heavy,icon_head_merc_gold,head_306,LUA_MENU_MULTIPLAYER_CAPS,ch_gold_rig_heavy_head,0,unlock,7,996,
307,mp_head_heavy_1_rare_diamond,CUSTOMIZE_RIG_DIAMOND,m,0,0,0,LUA_MENU_MP_RIG_SUPPLY_DROP_UNLOCK_DESC,0,mp_head_heavy_1_1,archetype_heavy,icon_head_merc_diamond,head_307,LUA_MENU_MULTIPLAYER_CAPS,ch_diamond_rig_heavy,0,unlock,2,997,
308,mp_head_heavy_1_rare_solar,CUSTOMIZE_RIG_SOLAR,m,0,0,0,LUA_MENU_MP_RIG_SUPPLY_DROP_UNLOCK_DESC,0,mp_head_heavy_1_1,archetype_heavy,icon_head_merc_solar,head_308,LUA_MENU_MULTIPLAYER_CAPS,ch_solar_rig,0,unlock,6,998,
309,mp_head_heavy_1_rare_blacksky,CUSTOMIZE_RIG_BLACKSKY,m,0,0,0,LUA_MENU_MP_RIG_SUPPLY_DROP_UNLOCK_DESC,0,mp_head_heavy_1_1,archetype_heavy,icon_head_merc_blacksky,head_309,LUA_MENU_MULTIPLAYER_CAPS,ch_uber_camo_rig,0,unlock,1,999,
310,mp_ftl_head_rare_gold,CUSTOMIZE_RIG_GOLD,m,0,0,0,LUA_MENU_MP_RIG_SUPPLY_DROP_UNLOCK_DESC,0,mp_ftl_head_5_1,archetype_assassin,icon_head_ftl_gold,head_310,LUA_MENU_MULTIPLAYER_CAPS,ch_gold_rig_assassin_head,0,unlock,7,996,
311,mp_ftl_head_rare_diamond,CUSTOMIZE_RIG_DIAMOND,m,0,0,0,LUA_MENU_MP_RIG_SUPPLY_DROP_UNLOCK_DESC,0,mp_ftl_head_5_1,archetype_assassin,icon_head_ftl_diamond,head_311,LUA_MENU_MULTIPLAYER_CAPS,ch_diamond_rig_assassin,0,unlock,2,997,
312,mp_ftl_head_rare_solar,CUSTOMIZE_RIG_SOLAR,m,0,0,0,LUA_MENU_MP_RIG_SUPPLY_DROP_UNLOCK_DESC,0,mp_ftl_head_5_1,archetype_assassin,icon_head_ftl_solar,head_312,LUA_MENU_MULTIPLAYER_CAPS,ch_solar_rig,0,unlock,6,998,
313,mp_ftl_head_rare_blacksky,CUSTOMIZE_RIG_BLACKSKY,m,0,0,0,LUA_MENU_MP_RIG_SUPPLY_DROP_UNLOCK_DESC,0,mp_ftl_head_5_1,archetype_assassin,icon_head_ftl_blacksky,head_313,LUA_MENU_MULTIPLAYER_CAPS,ch_uber_camo_rig,0,unlock,1,999,
314,mp_stryker_rare_head_gold,CUSTOMIZE_RIG_GOLD,m,0,0,0,LUA_MENU_MP_RIG_SUPPLY_DROP_UNLOCK_DESC,0,mp_stryker_head_3_1,archetype_engineer,icon_head_stryker_gold,head_314,LUA_MENU_MULTIPLAYER_CAPS,ch_gold_rig_engineer_head,0,unlock,7,996,
315,mp_stryker_rare_head_diamond,CUSTOMIZE_RIG_DIAMOND,m,0,0,0,LUA_MENU_MP_RIG_SUPPLY_DROP_UNLOCK_DESC,0,mp_stryker_head_3_1,archetype_engineer,icon_head_stryker_diamond,head_315,LUA_MENU_MULTIPLAYER_CAPS,ch_diamond_rig_engineer,0,unlock,2,997,
316,mp_stryker_rare_head_solar,CUSTOMIZE_RIG_SOLAR,m,0,0,0,LUA_MENU_MP_RIG_SUPPLY_DROP_UNLOCK_DESC,0,mp_stryker_head_3_1,archetype_engineer,icon_head_stryker_solar,head_316,LUA_MENU_MULTIPLAYER_CAPS,ch_solar_rig,0,unlock,6,998,
317,mp_stryker_rare_head_blacksky,CUSTOMIZE_RIG_BLACKSKY,m,0,0,0,LUA_MENU_MP_RIG_SUPPLY_DROP_UNLOCK_DESC,0,mp_stryker_head_3_1,archetype_engineer,icon_head_stryker_blacksky,head_317,LUA_MENU_MULTIPLAYER_CAPS,ch_uber_camo_rig,0,unlock,1,999,
318,mp_ghost_head_rare_gold,CUSTOMIZE_RIG_GOLD,m,0,0,0,LUA_MENU_MP_RIG_SUPPLY_DROP_UNLOCK_DESC,0,mp_ghost_head_1_1,archetype_sniper,icon_head_ghost_gold,head_318,LUA_MENU_MULTIPLAYER_CAPS,ch_gold_rig_sniper_head,0,unlock,7,996,
319,mp_ghost_head_rare_diamond,CUSTOMIZE_RIG_DIAMOND,m,0,0,0,LUA_MENU_MP_RIG_SUPPLY_DROP_UNLOCK_DESC,0,mp_ghost_head_1_1,archetype_sniper,icon_head_ghost_diamond,head_319,LUA_MENU_MULTIPLAYER_CAPS,ch_diamond_rig_sniper,0,unlock,2,997,
320,mp_ghost_head_rare_solar,CUSTOMIZE_RIG_SOLAR,m,0,0,0,LUA_MENU_MP_RIG_SUPPLY_DROP_UNLOCK_DESC,0,mp_ghost_head_1_1,archetype_sniper,icon_head_ghost_solar,head_320,LUA_MENU_MULTIPLAYER_CAPS,ch_solar_rig,0,unlock,6,998,
321,mp_ghost_head_rare_blacksky,CUSTOMIZE_RIG_BLACKSKY,m,0,0,0,LUA_MENU_MP_RIG_SUPPLY_DROP_UNLOCK_DESC,0,mp_ghost_head_1_1,archetype_sniper,icon_head_ghost_blacksky,head_321,LUA_MENU_MULTIPLAYER_CAPS,ch_uber_camo_rig,0,unlock,1,999,
322,mp_synaptic_head_rare_gold,CUSTOMIZE_RIG_GOLD,m,0,0,0,LUA_MENU_MP_RIG_SUPPLY_DROP_UNLOCK_DESC,0,mp_synaptic_head_1_1,archetype_scout,icon_head_synaptic_gold,head_322,LUA_MENU_MULTIPLAYER_CAPS,ch_gold_rig_scout_head,0,unlock,7,996,
323,mp_synaptic_head_rare_diamond,CUSTOMIZE_RIG_DIAMOND,m,0,0,0,LUA_MENU_MP_RIG_SUPPLY_DROP_UNLOCK_DESC,0,mp_synaptic_head_1_1,archetype_scout,icon_head_synaptic_diamond,head_323,LUA_MENU_MULTIPLAYER_CAPS,ch_diamond_rig_scout,0,unlock,2,997,
324,mp_synaptic_head_rare_solar,CUSTOMIZE_RIG_SOLAR,m,0,0,0,LUA_MENU_MP_RIG_SUPPLY_DROP_UNLOCK_DESC,0,mp_synaptic_head_1_1,archetype_scout,icon_head_synaptic_solar,head_324,LUA_MENU_MULTIPLAYER_CAPS,ch_solar_rig,0,unlock,6,998,
325,mp_synaptic_head_rare_blacksky,CUSTOMIZE_RIG_BLACKSKY,m,0,0,0,LUA_MENU_MP_RIG_SUPPLY_DROP_UNLOCK_DESC,0,mp_synaptic_head_1_1,archetype_scout,icon_head_synaptic_blacksky,head_325,LUA_MENU_MULTIPLAYER_CAPS,ch_uber_camo_rig,0,unlock,1,999,
326,mp_warfighter_head_zombies,CUSTOMIZE_WARFIGHTER_HERO_ZM,m,0,0,1,LUA_MENU_MP_RIG_SUPPLY_DROP_UNLOCK_DESC,0,mp_warfighter_head_1_1,archetype_assault,icon_head_warfighter_zombies,head_326,LUA_MENU_MP_QUARTERMASTER,,,unlock,,302,
327,mp_head_heavy_brute,CUSTOMIZE_MERC_HERO_ZM,m,0,0,1,LUA_MENU_MP_RIG_SUPPLY_DROP_UNLOCK_DESC,0,mp_head_heavy_1_1,archetype_heavy,icon_head_merc_zombies,head_327,LUA_MENU_MP_QUARTERMASTER,,,unlock,,303,
328,mp_synaptic_hero_kevin_head,CUSTOMIZE_SYNAPTIC_HERO_ZM,m,0,0,1,LUA_MENU_MP_RIG_SUPPLY_DROP_UNLOCK_DESC,0,mp_synaptic_head_1_1,archetype_scout,icon_head_synaptic_zombies,head_328,LUA_MENU_MP_QUARTERMASTER,,,unlock,,304,
329,mp_ftl_hero_valley_girl_head,CUSTOMIZE_FTL_HERO_ZM,m,0,0,1,LUA_MENU_MP_RIG_SUPPLY_DROP_UNLOCK_DESC,0,mp_ftl_head_5_1,archetype_assassin,icon_head_ftl_zombies,head_329,LUA_MENU_MP_QUARTERMASTER,,,unlock,,305,
330,mp_stryker_nerd_head,CUSTOMIZE_STRYKER_HERO_ZM,m,0,0,0,LUA_MENU_MP_RIG_SUPPLY_DROP_UNLOCK_DESC,0,mp_stryker_head_3_1,archetype_engineer,icon_head_stryker_zombies,head_330,LUA_MENU_MP_QUARTERMASTER,,,unlock,,306,
331,head_mp_ghost_zombies,CUSTOMIZE_GHOST_HERO_ZM,m,0,0,0,LUA_MENU_MP_RIG_SUPPLY_DROP_UNLOCK_DESC,0,mp_ghost_head_1_1,archetype_sniper,icon_head_ghost_zombies,head_331,LUA_MENU_MP_QUARTERMASTER,,,unlock,,307,
